subject,course_id,course_display,description,course_url
CS,014290,CS 102 - Artificial Intelligence Literacy,,https://catalog.nau.edu/Courses/course?courseId=014290&term=1261
CS,012995,CS 105 - Computing Tools I,,https://catalog.nau.edu/Courses/course?courseId=012995&term=1261
CS,010182,CS 110 - Computer Science Principles,,https://catalog.nau.edu/Courses/course?courseId=010182&term=1261
CS,001719,CS 112 - Computer And Internet Literacy,,https://catalog.nau.edu/Courses/course?courseId=001719&term=1261
CS,001722,CS 122 - Programming For Engineering And Science,,https://catalog.nau.edu/Courses/course?courseId=001722&term=1261
CS,010375,CS 122L - Programming For Engineering And Science Lab,,https://catalog.nau.edu/Courses/course?courseId=010375&term=1261
CS,001727,CS 126 - Computer Science I,,https://catalog.nau.edu/Courses/course?courseId=001727&term=1261
CS,010376,CS 126L - Computer Science I Lab,,https://catalog.nau.edu/Courses/course?courseId=010376&term=1261
CS,001728,CS 136 - Computer Science II,,https://catalog.nau.edu/Courses/course?courseId=001728&term=1261
CS,010377,CS 136L - Computer Science II Lab,,https://catalog.nau.edu/Courses/course?courseId=010377&term=1261
CS,001734,CS 199 - Special Topics,,https://catalog.nau.edu/Courses/course?courseId=001734&term=1261
CS,009396,CS 200 - Computer Organization,,https://catalog.nau.edu/Courses/course?courseId=009396&term=1261
CS,012996,CS 205 - Computing Tools II,,https://catalog.nau.edu/Courses/course?courseId=012996&term=1261
CS,001735,CS 212 - Web Programming I,,https://catalog.nau.edu/Courses/course?courseId=001735&term=1261
CS,001737,CS 249 - Data Structures,,https://catalog.nau.edu/Courses/course?courseId=001737&term=1261
CS,001744,CS 299 - Special Topics,,https://catalog.nau.edu/Courses/course?courseId=001744&term=1261
CS,009398,CS 301 - Computers And Society,,https://catalog.nau.edu/Courses/course?courseId=009398&term=1261
CS,012760,CS 301H - Computers And Society - Honors,,https://catalog.nau.edu/Courses/course?courseId=012760&term=1261
CS,012997,CS 305 - Computing Tools III,,https://catalog.nau.edu/Courses/course?courseId=012997&term=1261
CS,013204,CS 312 - Web Programming II,,https://catalog.nau.edu/Courses/course?courseId=013204&term=1261
CS,001745,CS 315 - Automata Theory,,https://catalog.nau.edu/Courses/course?courseId=001745&term=1261
CS,010121,CS 345 - Database Systems,,https://catalog.nau.edu/Courses/course?courseId=010121&term=1261
CS,012880,CS 345H - Database Systems - Honors,,https://catalog.nau.edu/Courses/course?courseId=012880&term=1261
CS,013633,CS 377 - Mobile Application Development,,https://catalog.nau.edu/Courses/course?courseId=013633&term=1261
CS,001755,CS 386 - Software Engineering,,https://catalog.nau.edu/Courses/course?courseId=001755&term=1261
CS,013832,CS 386H - Software Engineering - Honors,,https://catalog.nau.edu/Courses/course?courseId=013832&term=1261
CS,001756,CS 389 - Cooperative Education,,https://catalog.nau.edu/Courses/course?courseId=001756&term=1261
CS,001757,CS 396 - Principles Of Languages,,https://catalog.nau.edu/Courses/course?courseId=001757&term=1261
CS,013653,CS 396H - Principles Of Languages - Honors,,https://catalog.nau.edu/Courses/course?courseId=013653&term=1261
CS,001760,CS 399 - Special Topics,,https://catalog.nau.edu/Courses/course?courseId=001760&term=1261
CS,001763,CS 408 - Fieldwork Experience,,https://catalog.nau.edu/Courses/course?courseId=001763&term=1261
CS,010122,CS 413 - Virtual Worlds,,https://catalog.nau.edu/Courses/course?courseId=010122&term=1261
CS,014134,CS 413H - Virtual Worlds - Honors,,https://catalog.nau.edu/Courses/course?courseId=014134&term=1261
CS,013634,CS 414 - 3d Game Development,,https://catalog.nau.edu/Courses/course?courseId=013634&term=1261
CS,001767,CS 421 - Algorithms,,https://catalog.nau.edu/Courses/course?courseId=001767&term=1261
CS,010123,CS 430 - Computer Graphics,,https://catalog.nau.edu/Courses/course?courseId=010123&term=1261
CS,012213,CS 430H - Computer Graphics - Honors,,https://catalog.nau.edu/Courses/course?courseId=012213&term=1261
CS,010912,CS 440 - Software Architecture,,https://catalog.nau.edu/Courses/course?courseId=010912&term=1261
CS,014684,CS 440H - Software Architecture - Honors,,https://catalog.nau.edu/Courses/course?courseId=014684&term=1261
CS,001773,CS 450 - Parallel Programming,,https://catalog.nau.edu/Courses/course?courseId=001773&term=1261
CS,013886,CS 453 - Gpu Programming,,https://catalog.nau.edu/Courses/course?courseId=013886&term=1261
CS,014228,CS 453H - Gpu Programming - Honors,,https://catalog.nau.edu/Courses/course?courseId=014228&term=1261
CS,009397,CS 460 - Computer Networks,,https://catalog.nau.edu/Courses/course?courseId=009397&term=1261
CS,011174,CS 465 - Distributed Systems,,https://catalog.nau.edu/Courses/course?courseId=011174&term=1261
CS,001775,CS 470 - Artificial Intelligence,,https://catalog.nau.edu/Courses/course?courseId=001775&term=1261
CS,013474,CS 470H - Artificial Intelligence - Honors,,https://catalog.nau.edu/Courses/course?courseId=013474&term=1261
CS,014101,CS 472 - Unsupervised Machine Learning,,https://catalog.nau.edu/Courses/course?courseId=014101&term=1261
CS,010183,CS 476 - Requirements Engineering,,https://catalog.nau.edu/Courses/course?courseId=010183&term=1261
CS,001777,CS 477 - Human-computer Interaction,,https://catalog.nau.edu/Courses/course?courseId=001777&term=1261
CS,009400,CS 480 - Operating Systems,,https://catalog.nau.edu/Courses/course?courseId=009400&term=1261
CS,001780,CS 481 - Compilers,,https://catalog.nau.edu/Courses/course?courseId=001780&term=1261
CS,001782,CS 485 - Undergraduate Research,,https://catalog.nau.edu/Courses/course?courseId=001782&term=1261
CS,013587,CS 485H - Undergraduate Research - Honors,,https://catalog.nau.edu/Courses/course?courseId=013587&term=1261
CS,001784,CS 486C - Capstone Experience,,https://catalog.nau.edu/Courses/course?courseId=001784&term=1261
CS,012860,CS 486CH - Capstone Experience - Honors,,https://catalog.nau.edu/Courses/course?courseId=012860&term=1261
CS,001786,CS 497 - Independent Study,,https://catalog.nau.edu/Courses/course?courseId=001786&term=1261
CS,013401,CS 497H - Independent Study - Honors,,https://catalog.nau.edu/Courses/course?courseId=013401&term=1261
CS,001788,CS 499 - Contemporary Developments,,https://catalog.nau.edu/Courses/course?courseId=001788&term=1261
CS,014015,CS 500 - Data Structure Foundations,,https://catalog.nau.edu/Courses/course?courseId=014015&term=1261
CS,014094,CS 501 - Programming Paradigms,,https://catalog.nau.edu/Courses/course?courseId=014094&term=1261
CS,014436,CS 502 - Computer Science I For Teachers,,https://catalog.nau.edu/Courses/course?courseId=014436&term=1261
CS,014437,CS 503 - Foundations For Teaching Computer Science,,https://catalog.nau.edu/Courses/course?courseId=014437&term=1261
CS,014438,CS 504 - Web Programing For Teachers,,https://catalog.nau.edu/Courses/course?courseId=014438&term=1261
CS,014439,CS 505 - Discovering Informatics,,https://catalog.nau.edu/Courses/course?courseId=014439&term=1261
CS,014548,CS 506 - Data Wrangling And Management,,https://catalog.nau.edu/Courses/course?courseId=014548&term=1261
CS,012519,CS 530 - Advanced Computer Graphics,,https://catalog.nau.edu/Courses/course?courseId=012519&term=1261
CS,010873,CS 540 - Advanced Software Architecture,,https://catalog.nau.edu/Courses/course?courseId=010873&term=1261
CS,001790,CS 550 - Parallel Programming,,https://catalog.nau.edu/Courses/course?courseId=001790&term=1261
CS,012520,CS 551 - Advanced Mechanized Reasoning About Programs,,https://catalog.nau.edu/Courses/course?courseId=012520&term=1261
CS,013496,CS 552 - High Performance Computing,,https://catalog.nau.edu/Courses/course?courseId=013496&term=1261
CS,013887,CS 553 - Gpu Programming,,https://catalog.nau.edu/Courses/course?courseId=013887&term=1261
CS,009522,CS 560 - Computer Networks,,https://catalog.nau.edu/Courses/course?courseId=009522&term=1261
CS,009501,CS 565 - Distributed Systems,,https://catalog.nau.edu/Courses/course?courseId=009501&term=1261
CS,011556,CS 567 - Advanced Software Assurance,,https://catalog.nau.edu/Courses/course?courseId=011556&term=1261
CS,012521,CS 570 - Advanced Intelligent Systems,,https://catalog.nau.edu/Courses/course?courseId=012521&term=1261
CS,014102,CS 572 - Unsupervised Machine Learning,,https://catalog.nau.edu/Courses/course?courseId=014102&term=1261
CS,014090,CS 573 - Interpretable Machine Learning,,https://catalog.nau.edu/Courses/course?courseId=014090&term=1261
CS,001792,CS 577 - Human-computer Interaction,,https://catalog.nau.edu/Courses/course?courseId=001792&term=1261
CS,001793,CS 599 - Contemporary Developments,,https://catalog.nau.edu/Courses/course?courseId=001793&term=1261
CS,014091,CS 601 - Computer Science Seminar,,https://catalog.nau.edu/Courses/course?courseId=014091&term=1261
CS,014012,CS 608 - Fieldwork Experience,,https://catalog.nau.edu/Courses/course?courseId=014012&term=1261
CS,010308,CS 685 - Graduate Research,,https://catalog.nau.edu/Courses/course?courseId=010308&term=1261
CS,001795,CS 697 - Independent Study,,https://catalog.nau.edu/Courses/course?courseId=001795&term=1261
CS,010166,CS 699 - Thesis,,https://catalog.nau.edu/Courses/course?courseId=010166&term=1261
INF,012606,INF 110 - Discovering Informatics,,https://catalog.nau.edu/Courses/course?courseId=012606&term=1261
INF,012718,INF 199 - Special Topics,,https://catalog.nau.edu/Courses/course?courseId=012718&term=1261
INF,013225,INF 205 - Introduction To Ecoinformatics,,https://catalog.nau.edu/Courses/course?courseId=013225&term=1261
INF,012719,INF 299 - Special Topics,,https://catalog.nau.edu/Courses/course?courseId=012719&term=1261
INF,012284,INF 376 - Research Initiation,,https://catalog.nau.edu/Courses/course?courseId=012284&term=1261
INF,012285,INF 386 - Research Planning,,https://catalog.nau.edu/Courses/course?courseId=012285&term=1261
INF,012720,INF 399 - Special Topics,,https://catalog.nau.edu/Courses/course?courseId=012720&term=1261
INF,014076,INF 408 - Fieldwork Experience,,https://catalog.nau.edu/Courses/course?courseId=014076&term=1261
INF,013226,INF 413 - Cancer Evolution And Ecology,,https://catalog.nau.edu/Courses/course?courseId=013226&term=1261
INF,013228,INF 414 - Modeling The Spread Of Infectious Disease,,https://catalog.nau.edu/Courses/course?courseId=013228&term=1261
INF,013230,INF 415 - Comparative Genomics,,https://catalog.nau.edu/Courses/course?courseId=013230&term=1261
INF,013232,INF 416 - Transcriptomics,,https://catalog.nau.edu/Courses/course?courseId=013232&term=1261
INF,013234,INF 421 - Mechanistic Ecological And Environmental Modeling,,https://catalog.nau.edu/Courses/course?courseId=013234&term=1261
INF,013236,INF 422 - Ecoinformatics Tools And Data,,https://catalog.nau.edu/Courses/course?courseId=013236&term=1261
INF,013238,"INF 423 - Informatics For Community Food, Energy And Water Systems",,https://catalog.nau.edu/Courses/course?courseId=013238&term=1261
INF,012999,INF 450 - Survey In Ecoinformatics Tools,,https://catalog.nau.edu/Courses/course?courseId=012999&term=1261
INF,012286,INF 476C - Research Design,,https://catalog.nau.edu/Courses/course?courseId=012286&term=1261
INF,014077,INF 485 - Undergraduate Research,,https://catalog.nau.edu/Courses/course?courseId=014077&term=1261
INF,012287,INF 486C - Capstone Experience,,https://catalog.nau.edu/Courses/course?courseId=012287&term=1261
INF,012721,INF 499 - Special Topics,,https://catalog.nau.edu/Courses/course?courseId=012721&term=1261
INF,011998,INF 501 - Research Methods In Informatics And Computing,,https://catalog.nau.edu/Courses/course?courseId=011998&term=1261
INF,011999,INF 502 - Software Development Methodologies,,https://catalog.nau.edu/Courses/course?courseId=011999&term=1261
INF,012000,INF 503 - Large-scale Data Structures And Organization,,https://catalog.nau.edu/Courses/course?courseId=012000&term=1261
INF,012001,INF 504 - Data Mining And Machine Learning,,https://catalog.nau.edu/Courses/course?courseId=012001&term=1261
INF,014093,INF 510 - Graduate Seminar In Informatics And Computing,,https://catalog.nau.edu/Courses/course?courseId=014093&term=1261
INF,012525,INF 511 - Modern Regression I,,https://catalog.nau.edu/Courses/course?courseId=012525&term=1261
INF,012526,INF 512 - Modern Regression II,,https://catalog.nau.edu/Courses/course?courseId=012526&term=1261
INF,013227,INF 513 - Cancer Evolution And Ecology,,https://catalog.nau.edu/Courses/course?courseId=013227&term=1261
INF,013229,INF 514 - Modeling The Spread Of Infectious Disease,,https://catalog.nau.edu/Courses/course?courseId=013229&term=1261
INF,013231,INF 515 - Comparative Genomics,,https://catalog.nau.edu/Courses/course?courseId=013231&term=1261
INF,013233,INF 516 - Transcriptomics,,https://catalog.nau.edu/Courses/course?courseId=013233&term=1261
INF,013235,INF 521 - Mechanistic Ecological And Environmental Modeling,,https://catalog.nau.edu/Courses/course?courseId=013235&term=1261
INF,013237,INF 522 - Ecoinformatics Tools And Data,,https://catalog.nau.edu/Courses/course?courseId=013237&term=1261
INF,013239,"INF 523 - Informatics For Community Food, Energy And Water Systems",,https://catalog.nau.edu/Courses/course?courseId=013239&term=1261
INF,012615,INF 529 - Applied Remote Sensing,,https://catalog.nau.edu/Courses/course?courseId=012615&term=1261
INF,013000,INF 550 - Advanced Survey In Ecoinformatics Tools,,https://catalog.nau.edu/Courses/course?courseId=013000&term=1261
INF,014549,INF 586 - Data Analytics Capstone,,https://catalog.nau.edu/Courses/course?courseId=014549&term=1261
INF,012120,INF 599 - Contemporary Developments,,https://catalog.nau.edu/Courses/course?courseId=012120&term=1261
INF,012002,INF 601 - Professional And Career Development,,https://catalog.nau.edu/Courses/course?courseId=012002&term=1261
INF,012003,INF 602 - Professional Communication,,https://catalog.nau.edu/Courses/course?courseId=012003&term=1261
INF,012004,INF 603 - Proposal And Grant Preparation,,https://catalog.nau.edu/Courses/course?courseId=012004&term=1261
INF,012916,INF 604 - Writing Scientific Papers,,https://catalog.nau.edu/Courses/course?courseId=012916&term=1261
INF,013430,INF 605 - Professional Communication For Informatics And Computing,,https://catalog.nau.edu/Courses/course?courseId=013430&term=1261
INF,014054,INF 608 - Fieldwork Experience,,https://catalog.nau.edu/Courses/course?courseId=014054&term=1261
INF,012005,INF 610 - Topics In Bioinformatics,,https://catalog.nau.edu/Courses/course?courseId=012005&term=1261
INF,012006,INF 611 - Topics In Population Health,,https://catalog.nau.edu/Courses/course?courseId=012006&term=1261
INF,012007,INF 612 - Topics In Healthcare Informatics,,https://catalog.nau.edu/Courses/course?courseId=012007&term=1261
INF,012008,INF 620 - Topics In Remote Sensing,,https://catalog.nau.edu/Courses/course?courseId=012008&term=1261
INF,012009,INF 621 - Topics In Ecological Modeling,,https://catalog.nau.edu/Courses/course?courseId=012009&term=1261
INF,012010,INF 622 - Topics In Environmental Data Analysis,,https://catalog.nau.edu/Courses/course?courseId=012010&term=1261
INF,013497,INF 623 - Contemporary Developments: Ecoinformatics Seminar,,https://catalog.nau.edu/Courses/course?courseId=013497&term=1261
INF,012527,INF 626 - Applied Bayesian Modeling,,https://catalog.nau.edu/Courses/course?courseId=012527&term=1261
INF,012528,INF 626L - Applied Bayesian Modeling Lab,,https://catalog.nau.edu/Courses/course?courseId=012528&term=1261
INF,012011,INF 630 - Topics In Cyber-physical Systems,,https://catalog.nau.edu/Courses/course?courseId=012011&term=1261
INF,012012,INF 631 - Topics In Software Engineering,,https://catalog.nau.edu/Courses/course?courseId=012012&term=1261
INF,012013,INF 632 - Topics In Wearable Computing,,https://catalog.nau.edu/Courses/course?courseId=012013&term=1261
INF,012014,INF 633 - Topics In Cybersecurity,,https://catalog.nau.edu/Courses/course?courseId=012014&term=1261
INF,012616,INF 638 - Cryptography And Public Key Infrastructure,,https://catalog.nau.edu/Courses/course?courseId=012616&term=1261
INF,012617,INF 639 - Nanomaterials And Nanoelectronics For Cybersecurity,,https://catalog.nau.edu/Courses/course?courseId=012617&term=1261
INF,012015,INF 684 - Interdisciplinary Research Rotation,,https://catalog.nau.edu/Courses/course?courseId=012015&term=1261
INF,012017,INF 685 - Graduate Research,,https://catalog.nau.edu/Courses/course?courseId=012017&term=1261
INF,013498,INF 690 - Team-based Interdisciplinary Research,,https://catalog.nau.edu/Courses/course?courseId=013498&term=1261
INF,012741,INF 697 - Independent Study,,https://catalog.nau.edu/Courses/course?courseId=012741&term=1261
INF,012627,INF 699 - Thesis,,https://catalog.nau.edu/Courses/course?courseId=012627&term=1261
INF,012018,INF 799 - Dissertation,,https://catalog.nau.edu/Courses/course?courseId=012018&term=1261
SE,013320,SE 433 - Cloud Computing,,https://catalog.nau.edu/Courses/course?courseId=013320&term=1261
SE,013321,SE 444 - Data Wrangling,,https://catalog.nau.edu/Courses/course?courseId=013321&term=1261
SE,013322,SE 450 - Software Testing,,https://catalog.nau.edu/Courses/course?courseId=013322&term=1261
SE,013323,SE 460 - Software Project Management,,https://catalog.nau.edu/Courses/course?courseId=013323&term=1261
SE,013324,SE 476 - Requirements Engineering,,https://catalog.nau.edu/Courses/course?courseId=013324&term=1261
SE,013325,SE 486C - Capstone Experience,,https://catalog.nau.edu/Courses/course?courseId=013325&term=1261
MAT,010913,MAT 100 - Mathematics Pathway,,https://catalog.nau.edu/Courses/course?courseId=010913&term=1261
MAT,009721,MAT 108 - Algebra For Precalculus,,https://catalog.nau.edu/Courses/course?courseId=009721&term=1261
MAT,005199,MAT 110 - College Algebra,,https://catalog.nau.edu/Courses/course?courseId=005199&term=1261
MAT,005202,MAT 114 - Quantitative Reasoning,,https://catalog.nau.edu/Courses/course?courseId=005202&term=1261
MAT,005203,MAT 119 - Finite Mathematics,,https://catalog.nau.edu/Courses/course?courseId=005203&term=1261
MAT,012074,MAT 121 - Finite Mathematics With Calculus,,https://catalog.nau.edu/Courses/course?courseId=012074&term=1261
MAT,009722,MAT 123 - First Year Seminar,,https://catalog.nau.edu/Courses/course?courseId=009722&term=1261
MAT,005205,MAT 125 - Precalculus Mathematics,,https://catalog.nau.edu/Courses/course?courseId=005205&term=1261
MAT,005206,MAT 125H - Precalculus Mathematics - Honors,,https://catalog.nau.edu/Courses/course?courseId=005206&term=1261
MAT,005209,MAT 131 - Topics In Calculus,,https://catalog.nau.edu/Courses/course?courseId=005209&term=1261
MAT,005211,MAT 136 - Calculus I,,https://catalog.nau.edu/Courses/course?courseId=005211&term=1261
MAT,005212,MAT 136H - Calculus I - Honors,,https://catalog.nau.edu/Courses/course?courseId=005212&term=1261
MAT,005213,MAT 137 - Calculus II,,https://catalog.nau.edu/Courses/course?courseId=005213&term=1261
MAT,005214,MAT 150 - Principles Of Mathematics I,,https://catalog.nau.edu/Courses/course?courseId=005214&term=1261
MAT,005216,MAT 155 - Principles Of Mathematics II,,https://catalog.nau.edu/Courses/course?courseId=005216&term=1261
MAT,005219,MAT 199 - Special Topics,,https://catalog.nau.edu/Courses/course?courseId=005219&term=1261
MAT,012679,MAT 216 - Introduction To Matrix Algebra,,https://catalog.nau.edu/Courses/course?courseId=012679&term=1261
MAT,005221,MAT 226 - Discrete Mathematics,,https://catalog.nau.edu/Courses/course?courseId=005221&term=1261
MAT,011529,MAT 232 - Introduction To Mathematical Reasoning,,https://catalog.nau.edu/Courses/course?courseId=011529&term=1261
MAT,005223,MAT 238 - Calculus III,,https://catalog.nau.edu/Courses/course?courseId=005223&term=1261
MAT,005224,MAT 239 - Differential Equations,,https://catalog.nau.edu/Courses/course?courseId=005224&term=1261
MAT,010360,"MAT 285 - Functions, Algebra, And Applications",,https://catalog.nau.edu/Courses/course?courseId=010360&term=1261
MAT,009523,MAT 299 - Special Topics,,https://catalog.nau.edu/Courses/course?courseId=009523&term=1261
MAT,005229,MAT 316 - Introduction To Linear Algebra,,https://catalog.nau.edu/Courses/course?courseId=005229&term=1261
MAT,013256,MAT 316H - Introduction To Linear Algebra - Honors,,https://catalog.nau.edu/Courses/course?courseId=013256&term=1261
MAT,005230,MAT 318 - Elementary Number Theory,,https://catalog.nau.edu/Courses/course?courseId=005230&term=1261
MAT,010609,MAT 318H - Elementary Number Theory - Honors,,https://catalog.nau.edu/Courses/course?courseId=010609&term=1261
MAT,005232,MAT 320 - Foundations Of Mathematics,,https://catalog.nau.edu/Courses/course?courseId=005232&term=1261
MAT,014604,MAT 320H - Foundations Of Mathematics - Honors,,https://catalog.nau.edu/Courses/course?courseId=014604&term=1261
MAT,005233,MAT 331 - Laplace Transforms,,https://catalog.nau.edu/Courses/course?courseId=005233&term=1261
MAT,005263,MAT 335 - Complex Variables,,https://catalog.nau.edu/Courses/course?courseId=005263&term=1261
MAT,010751,MAT 335H - Complex Variables - Honors,,https://catalog.nau.edu/Courses/course?courseId=010751&term=1261
MAT,005239,MAT 362 - Introduction To Numerical Analysis,,https://catalog.nau.edu/Courses/course?courseId=005239&term=1261
MAT,012869,MAT 362H - Introduction To Numerical Analysis - Honors,,https://catalog.nau.edu/Courses/course?courseId=012869&term=1261
MAT,005241,MAT 365 - Modern Geometry,,https://catalog.nau.edu/Courses/course?courseId=005241&term=1261
MAT,005242,MAT 367 - Operations Research,,https://catalog.nau.edu/Courses/course?courseId=005242&term=1261
MAT,010806,MAT 367H - Operations Research - Honors,,https://catalog.nau.edu/Courses/course?courseId=010806&term=1261
MAT,005247,MAT 389 - Cooperative Education,,https://catalog.nau.edu/Courses/course?courseId=005247&term=1261
MAT,005249,MAT 399 - Special Topics,,https://catalog.nau.edu/Courses/course?courseId=005249&term=1261
MAT,005250,MAT 401 - Methods Of Teaching Secondary School Mathematics I,,https://catalog.nau.edu/Courses/course?courseId=005250&term=1261
MAT,011667,MAT 401H - Methods Of Teaching Secondary School Mathematics I - Honors,,https://catalog.nau.edu/Courses/course?courseId=011667&term=1261
MAT,005251,MAT 402 - Methods Of Teaching Secondary School Mathematics II,,https://catalog.nau.edu/Courses/course?courseId=005251&term=1261
MAT,005252,MAT 408 - Field Work Experience,,https://catalog.nau.edu/Courses/course?courseId=005252&term=1261
MAT,005254,MAT 411 - Introduction To Abstract Algebra,,https://catalog.nau.edu/Courses/course?courseId=005254&term=1261
MAT,014612,MAT 411H - Introduction To Abstract Algebra - Honors,,https://catalog.nau.edu/Courses/course?courseId=014612&term=1261
MAT,005255,MAT 412 - Introduction To Abstract Algebra II,,https://catalog.nau.edu/Courses/course?courseId=005255&term=1261
MAT,013300,MAT 412H - Introduction To Abstract Algebra II - Honors,,https://catalog.nau.edu/Courses/course?courseId=013300&term=1261
MAT,005260,MAT 431 - Introduction To Analysis,,https://catalog.nau.edu/Courses/course?courseId=005260&term=1261
MAT,005265,MAT 441 - Introduction To Topology,,https://catalog.nau.edu/Courses/course?courseId=005265&term=1261
MAT,005267,MAT 442 - History And Philosophy Of Mathematics,,https://catalog.nau.edu/Courses/course?courseId=005267&term=1261
MAT,014078,MAT 454 - Python For Mathematics And Statistics,,https://catalog.nau.edu/Courses/course?courseId=014078&term=1261
MAT,005268,MAT 461 - Partial Differential Equations,,https://catalog.nau.edu/Courses/course?courseId=005268&term=1261
MAT,011917,MAT 462 - Interest Theory For Actuarial Science,,https://catalog.nau.edu/Courses/course?courseId=011917&term=1261
MAT,005273,MAT 480 - Mathematics Of Finance Modeling,,https://catalog.nau.edu/Courses/course?courseId=005273&term=1261
MAT,005274,MAT 485 - Undergraduate Research,,https://catalog.nau.edu/Courses/course?courseId=005274&term=1261
MAT,013387,MAT 485H - Undergraduate Research - Honors,,https://catalog.nau.edu/Courses/course?courseId=013387&term=1261
MAT,013241,MAT 486C - Mathematics Capstone Experience,,https://catalog.nau.edu/Courses/course?courseId=013241&term=1261
MAT,014366,MAT 486CH - Mathematics Capstone Experience - Honors,,https://catalog.nau.edu/Courses/course?courseId=014366&term=1261
MAT,005276,MAT 497 - Independent Study,,https://catalog.nau.edu/Courses/course?courseId=005276&term=1261
MAT,005277,MAT 499 - Contemporary Developments,,https://catalog.nau.edu/Courses/course?courseId=005277&term=1261
MAT,005278,MAT 500 - Reflections On/In Math Education,,https://catalog.nau.edu/Courses/course?courseId=005278&term=1261
MAT,005279,MAT 501 - History And Philosophy Of Mathematics Education,,https://catalog.nau.edu/Courses/course?courseId=005279&term=1261
MAT,005280,MAT 502 - Problem Solving: Theory And Practice,,https://catalog.nau.edu/Courses/course?courseId=005280&term=1261
MAT,005282,MAT 504 - Connections - Algebra And Number Theory,,https://catalog.nau.edu/Courses/course?courseId=005282&term=1261
MAT,005283,MAT 505 - Connections - Calculus,,https://catalog.nau.edu/Courses/course?courseId=005283&term=1261
MAT,005284,MAT 506 - Connections - Geometry,,https://catalog.nau.edu/Courses/course?courseId=005284&term=1261
MAT,009618,MAT 507 - Connections - Probability And Statistics,,https://catalog.nau.edu/Courses/course?courseId=009618&term=1261
MAT,010521,MAT 509 - Assessment In Mathematics,,https://catalog.nau.edu/Courses/course?courseId=010521&term=1261
MAT,010954,MAT 510 - Curriculum In Mathematics Education,,https://catalog.nau.edu/Courses/course?courseId=010954&term=1261
MAT,005286,MAT 511 - Abstract Algebra I,,https://catalog.nau.edu/Courses/course?courseId=005286&term=1261
MAT,005288,MAT 516 - Linear Algebra,,https://catalog.nau.edu/Courses/course?courseId=005288&term=1261
MAT,005285,MAT 518 - Technology In Mathematics Education,,https://catalog.nau.edu/Courses/course?courseId=005285&term=1261
MAT,014297,MAT 519 - Quantitative Reasoning: Theory And Practice,,https://catalog.nau.edu/Courses/course?courseId=014297&term=1261
MAT,014298,MAT 520 - Pre-calculus: Theory And Practice,,https://catalog.nau.edu/Courses/course?courseId=014298&term=1261
MAT,005289,MAT 526 - Topics In Combinatorics,,https://catalog.nau.edu/Courses/course?courseId=005289&term=1261
MAT,005290,MAT 531 - Real Analysis,,https://catalog.nau.edu/Courses/course?courseId=005290&term=1261
MAT,005291,MAT 535 - Complex Analysis,,https://catalog.nau.edu/Courses/course?courseId=005291&term=1261
MAT,014079,MAT 554 - Python For Mathematics And Statistics,,https://catalog.nau.edu/Courses/course?courseId=014079&term=1261
MAT,014080,MAT 555 - Computer-assisted Mathematics,,https://catalog.nau.edu/Courses/course?courseId=014080&term=1261
MAT,005294,MAT 562 - Interest Theory For Actuarial Science,,https://catalog.nau.edu/Courses/course?courseId=005294&term=1261
MAT,005295,MAT 563 - Numerical Analysis,,https://catalog.nau.edu/Courses/course?courseId=005295&term=1261
MAT,005297,MAT 565 - Actuarial Mathematics I,,https://catalog.nau.edu/Courses/course?courseId=005297&term=1261
MAT,005299,MAT 567 - Risk Theory,,https://catalog.nau.edu/Courses/course?courseId=005299&term=1261
MAT,011925,MAT 580 - Mathematics Of Financial Modeling,,https://catalog.nau.edu/Courses/course?courseId=011925&term=1261
MAT,005304,MAT 587 - Professional Development Seminar,,https://catalog.nau.edu/Courses/course?courseId=005304&term=1261
MAT,005305,MAT 593 - Public School In-service Workshop,,https://catalog.nau.edu/Courses/course?courseId=005305&term=1261
MAT,005306,MAT 597 - Reading For Comprehensive Exam,,https://catalog.nau.edu/Courses/course?courseId=005306&term=1261
MAT,005307,MAT 599 - Contemporary Developments,,https://catalog.nau.edu/Courses/course?courseId=005307&term=1261
MAT,010955,MAT 600 - Equity In Mathematics Education,,https://catalog.nau.edu/Courses/course?courseId=010955&term=1261
MAT,005308,MAT 601 - Seminar In Mathematics Education,,https://catalog.nau.edu/Courses/course?courseId=005308&term=1261
MAT,009619,MAT 602 - Research In Mathematics Education,,https://catalog.nau.edu/Courses/course?courseId=009619&term=1261
MAT,011558,MAT 603 - Capstone Course: Comprehensive Exam And Portfolio,,https://catalog.nau.edu/Courses/course?courseId=011558&term=1261
MAT,005310,MAT 608 - Fieldwork Experience,,https://catalog.nau.edu/Courses/course?courseId=005310&term=1261
MAT,005313,MAT 612 - Abstract Algebra II,,https://catalog.nau.edu/Courses/course?courseId=005313&term=1261
MAT,005317,MAT 632 - Measure And Integration,,https://catalog.nau.edu/Courses/course?courseId=005317&term=1261
MAT,005319,MAT 641 - Topology,,https://catalog.nau.edu/Courses/course?courseId=005319&term=1261
MAT,005320,MAT 661 - Applied Mathematics,,https://catalog.nau.edu/Courses/course?courseId=005320&term=1261
MAT,005321,MAT 665 - Ordinary Differential Equations,,https://catalog.nau.edu/Courses/course?courseId=005321&term=1261
MAT,005322,MAT 667 - Dynamical Systems,,https://catalog.nau.edu/Courses/course?courseId=005322&term=1261
MAT,005325,MAT 685 - Graduate Research,,https://catalog.nau.edu/Courses/course?courseId=005325&term=1261
MAT,005326,MAT 690 - Advanced Topics In Mathematics,,https://catalog.nau.edu/Courses/course?courseId=005326&term=1261
MAT,005327,MAT 697 - Independent Study,,https://catalog.nau.edu/Courses/course?courseId=005327&term=1261
MAT,005328,MAT 698 - Graduate Seminar,,https://catalog.nau.edu/Courses/course?courseId=005328&term=1261
MAT,005329,MAT 699 - Thesis,,https://catalog.nau.edu/Courses/course?courseId=005329&term=1261
STA,012674,STA 141 - Exploratory Visual Data Analysis,,https://catalog.nau.edu/Courses/course?courseId=012674&term=1261
STA,008088,STA 270 - Applied Statistics,,https://catalog.nau.edu/Courses/course?courseId=008088&term=1261
STA,012806,STA 270H - Applied Statistics - Honors,,https://catalog.nau.edu/Courses/course?courseId=012806&term=1261
STA,010056,STA 275 - Statistical Analysis,,https://catalog.nau.edu/Courses/course?courseId=010056&term=1261
STA,008089,STA 371 - Intermediate Statistics,,https://catalog.nau.edu/Courses/course?courseId=008089&term=1261
STA,014127,STA 371H - Intermediate Statistics - Honors,,https://catalog.nau.edu/Courses/course?courseId=014127&term=1261
STA,008092,STA 408 - Fieldwork Experience,,https://catalog.nau.edu/Courses/course?courseId=008092&term=1261
STA,012675,STA 444 - Introduction To R,,https://catalog.nau.edu/Courses/course?courseId=012675&term=1261
STA,013404,STA 444H - Introduction To R - Honors,,https://catalog.nau.edu/Courses/course?courseId=013404&term=1261
STA,012676,STA 445 - Data Wrangling And Exploration In R,,https://catalog.nau.edu/Courses/course?courseId=012676&term=1261
STA,013403,STA 445H - Data Wrangling And Exploration In R - Honors,,https://catalog.nau.edu/Courses/course?courseId=013403&term=1261
STA,008093,STA 471 - Regression Analysis,,https://catalog.nau.edu/Courses/course?courseId=008093&term=1261
STA,013575,STA 471H - Regression Analysis - Honors,,https://catalog.nau.edu/Courses/course?courseId=013575&term=1261
STA,008096,STA 473 - Introduction To Mathematical Statistics I,,https://catalog.nau.edu/Courses/course?courseId=008096&term=1261
STA,008097,STA 474 - Introduction To Mathematical Statistics II,,https://catalog.nau.edu/Courses/course?courseId=008097&term=1261
STA,013302,STA 474H - Introduction To Mathematical Statistics II - Honors,,https://catalog.nau.edu/Courses/course?courseId=013302&term=1261
STA,011918,STA 475 - Probability Applications In Actuarial Science,,https://catalog.nau.edu/Courses/course?courseId=011918&term=1261
STA,010061,STA 477 - Time Series Analysis,,https://catalog.nau.edu/Courses/course?courseId=010061&term=1261
STA,014482,STA 477H - Time Series Analysis - Honors,,https://catalog.nau.edu/Courses/course?courseId=014482&term=1261
STA,012677,STA 478 - Statistical Computing,,https://catalog.nau.edu/Courses/course?courseId=012677&term=1261
STA,008099,STA 485 - Undergraduate Research,,https://catalog.nau.edu/Courses/course?courseId=008099&term=1261
STA,012678,STA 486C - Capstone Experience,,https://catalog.nau.edu/Courses/course?courseId=012678&term=1261
STA,008100,STA 497 - Independent Study,,https://catalog.nau.edu/Courses/course?courseId=008100&term=1261
STA,008101,STA 570 - Statistical Methods I,,https://catalog.nau.edu/Courses/course?courseId=008101&term=1261
STA,008102,STA 571 - Statistical Methods II,,https://catalog.nau.edu/Courses/course?courseId=008102&term=1261
STA,008103,STA 572 - Multivariate Statistical Methods,,https://catalog.nau.edu/Courses/course?courseId=008103&term=1261
STA,008104,STA 574 - Categorical Data Analysis,,https://catalog.nau.edu/Courses/course?courseId=008104&term=1261
STA,008105,STA 575 - Applied Sampling,,https://catalog.nau.edu/Courses/course?courseId=008105&term=1261
STA,011183,STA 578 - Statistical Computing,,https://catalog.nau.edu/Courses/course?courseId=011183&term=1261
STA,008107,STA 585 - Statistical Consulting Practicum,,https://catalog.nau.edu/Courses/course?courseId=008107&term=1261
STA,008108,STA 587 - Professional Development Seminar,,https://catalog.nau.edu/Courses/course?courseId=008108&term=1261
STA,010052,STA 597 - Reading For Comprehensive Exam,,https://catalog.nau.edu/Courses/course?courseId=010052&term=1261
STA,008109,STA 599 - Contemporary Developments,,https://catalog.nau.edu/Courses/course?courseId=008109&term=1261
STA,008110,STA 608 - Fieldwork Experience,,https://catalog.nau.edu/Courses/course?courseId=008110&term=1261
STA,008111,STA 673 - Mathematical Statistics I,,https://catalog.nau.edu/Courses/course?courseId=008111&term=1261
STA,008112,STA 674 - Mathematical Statistics II,,https://catalog.nau.edu/Courses/course?courseId=008112&term=1261
STA,008113,STA 675 - Theory Of Linear Models,,https://catalog.nau.edu/Courses/course?courseId=008113&term=1261
STA,008114,STA 676 - Experimental Design,,https://catalog.nau.edu/Courses/course?courseId=008114&term=1261
STA,008115,STA 685 - Graduate Research,,https://catalog.nau.edu/Courses/course?courseId=008115&term=1261
STA,008116,STA 697 - Independent Study,,https://catalog.nau.edu/Courses/course?courseId=008116&term=1261
STA,008117,STA 698 - Graduate Seminar,,https://catalog.nau.edu/Courses/course?courseId=008117&term=1261
STA,008118,STA 699 - Graduate Thesis,,https://catalog.nau.edu/Courses/course?courseId=008118&term=1261
BIO,000895,BIO 100 - Principles Of Biology,,https://catalog.nau.edu/Courses/course?courseId=000895&term=1261
BIO,000896,BIO 100L - Principles Of Biology Lab,,https://catalog.nau.edu/Courses/course?courseId=000896&term=1261
BIO,014312,BIO 110 - The Hidden History Of Science,,https://catalog.nau.edu/Courses/course?courseId=014312&term=1261
BIO,003153,BIO 154 - The Art And Science Of Human Movement,,https://catalog.nau.edu/Courses/course?courseId=003153&term=1261
BIO,000906,BIO 181 - Unity Of Life I: Life Of The Cell,,https://catalog.nau.edu/Courses/course?courseId=000906&term=1261
BIO,000907,BIO 181H - Unity Of Life I: Life Of The Cell - Honors,,https://catalog.nau.edu/Courses/course?courseId=000907&term=1261
BIO,009712,BIO 181L - Unity Of Life I Laboratory,,https://catalog.nau.edu/Courses/course?courseId=009712&term=1261
BIO,000908,BIO 181R - Unity Of Life I Recitation,,https://catalog.nau.edu/Courses/course?courseId=000908&term=1261
BIO,000909,BIO 182 - Unity Of Life II: Lives Of Multicellular Organisms,,https://catalog.nau.edu/Courses/course?courseId=000909&term=1261
BIO,010050,BIO 182H - Unity Of Life II: Lives Of Multicellular Organisms - Honors,,https://catalog.nau.edu/Courses/course?courseId=010050&term=1261
BIO,010537,BIO 182L - Unity Of Life II Laboratory,,https://catalog.nau.edu/Courses/course?courseId=010537&term=1261
BIO,003154,BIO 192 - Introduction To Human Movement,,https://catalog.nau.edu/Courses/course?courseId=003154&term=1261
BIO,010428,BIO 192H - Introduction To Human Movement - Honors,,https://catalog.nau.edu/Courses/course?courseId=010428&term=1261
BIO,000914,BIO 199 - Special Topics,,https://catalog.nau.edu/Courses/course?courseId=000914&term=1261
BIO,000916,BIO 201 - Human Anatomy/Physiology I,,https://catalog.nau.edu/Courses/course?courseId=000916&term=1261
BIO,013568,BIO 201H - Human Anatomy/Physiology I,,https://catalog.nau.edu/Courses/course?courseId=013568&term=1261
BIO,010538,BIO 201L - Human Anatomy/Physiology I Lab,,https://catalog.nau.edu/Courses/course?courseId=010538&term=1261
BIO,000917,BIO 202 - Human Anatomy/Physiology II,,https://catalog.nau.edu/Courses/course?courseId=000917&term=1261
BIO,013855,BIO 202H - Human Anatomy/Physiology II - Honors,,https://catalog.nau.edu/Courses/course?courseId=013855&term=1261
BIO,010539,BIO 202L - Human Anatomy/Physiology II Lab,,https://catalog.nau.edu/Courses/course?courseId=010539&term=1261
BIO,014016,"BIO 204 - Germs: The Good, The Bad, And The Ugly",,https://catalog.nau.edu/Courses/course?courseId=014016&term=1261
BIO,000918,BIO 205 - Microbiology,,https://catalog.nau.edu/Courses/course?courseId=000918&term=1261
BIO,012446,BIO 205H - Microbiology - Honors,,https://catalog.nau.edu/Courses/course?courseId=012446&term=1261
BIO,010665,BIO 205L - Microbiology Lab,,https://catalog.nau.edu/Courses/course?courseId=010665&term=1261
BIO,012251,BIO 215 - Environmental Science For Hotel/Restaurant Managers,,https://catalog.nau.edu/Courses/course?courseId=012251&term=1261
BIO,014210,BIO 215L - Environmental Science For Hotel/Restaurant Managers Lab,,https://catalog.nau.edu/Courses/course?courseId=014210&term=1261
BIO,000921,BIO 221 - Lower Invertebrates,,https://catalog.nau.edu/Courses/course?courseId=000921&term=1261
BIO,000927,BIO 226 - Ecology,,https://catalog.nau.edu/Courses/course?courseId=000927&term=1261
BIO,012633,BIO 226H - Ecology - Honors,,https://catalog.nau.edu/Courses/course?courseId=012633&term=1261
BIO,000928,BIO 226L - Ecology Lab,,https://catalog.nau.edu/Courses/course?courseId=000928&term=1261
BIO,012634,BIO 226LH - Ecology Lab - Honors,,https://catalog.nau.edu/Courses/course?courseId=012634&term=1261
BIO,000932,BIO 240 - Genetics And Evolution,,https://catalog.nau.edu/Courses/course?courseId=000932&term=1261
BIO,010981,BIO 240H - Genetics And Evolution - Honors,,https://catalog.nau.edu/Courses/course?courseId=010981&term=1261
BIO,012272,BIO 244 - Fundamental Evolutionary Biology,,https://catalog.nau.edu/Courses/course?courseId=012272&term=1261
BIO,000942,BIO 299 - Special Topics,,https://catalog.nau.edu/Courses/course?courseId=000942&term=1261
BIO,000943,BIO 299H - Special Topics - Honors,,https://catalog.nau.edu/Courses/course?courseId=000943&term=1261
BIO,000944,BIO 300 - Human Biology,,https://catalog.nau.edu/Courses/course?courseId=000944&term=1261
BIO,013636,BIO 300H - Human Biology - Honors,,https://catalog.nau.edu/Courses/course?courseId=013636&term=1261
BIO,010076,BIO 302 - Relevance Of Science,,https://catalog.nau.edu/Courses/course?courseId=010076&term=1261
BIO,014185,BIO 303 - This Is Your Brain: An Introduction To Neuroscience,,https://catalog.nau.edu/Courses/course?courseId=014185&term=1261
BIO,000946,BIO 310 - Scientific Concepts In Human Biology,,https://catalog.nau.edu/Courses/course?courseId=000946&term=1261
BIO,000947,BIO 320 - General Pathology,,https://catalog.nau.edu/Courses/course?courseId=000947&term=1261
BIO,011006,BIO 320H - General Pathology - Honors,,https://catalog.nau.edu/Courses/course?courseId=011006&term=1261
BIO,000949,BIO 322 - Entomology,,https://catalog.nau.edu/Courses/course?courseId=000949&term=1261
BIO,012758,BIO 322H - Entomology - Honors,,https://catalog.nau.edu/Courses/course?courseId=012758&term=1261
BIO,013542,BIO 322L - Entomology Lab,,https://catalog.nau.edu/Courses/course?courseId=013542&term=1261
BIO,000923,BIO 323 - Vertebrate Zoology,,https://catalog.nau.edu/Courses/course?courseId=000923&term=1261
BIO,013539,BIO 323L - Vertebrate Zoology Lab,,https://catalog.nau.edu/Courses/course?courseId=013539&term=1261
BIO,000950,BIO 325 - Foundations Of Physiology,,https://catalog.nau.edu/Courses/course?courseId=000950&term=1261
BIO,011673,BIO 325H - Foundations Of Physiology - Honors,,https://catalog.nau.edu/Courses/course?courseId=011673&term=1261
BIO,000951,BIO 325L - Foundations Of Physiology Lab,,https://catalog.nau.edu/Courses/course?courseId=000951&term=1261
BIO,011674,BIO 325LH - Foundations Of Physiology Lab - Honors,,https://catalog.nau.edu/Courses/course?courseId=011674&term=1261
BIO,003157,BIO 334 - Functional Anatomy And Kinesiology,,https://catalog.nau.edu/Courses/course?courseId=003157&term=1261
BIO,011733,BIO 334H - Functional Anatomy And Kinesiology - Honors,,https://catalog.nau.edu/Courses/course?courseId=011733&term=1261
BIO,003160,BIO 338 - Physiology Of Exercise,,https://catalog.nau.edu/Courses/course?courseId=003160&term=1261
BIO,012064,BIO 338H - Physiology Of Exercise - Honors,,https://catalog.nau.edu/Courses/course?courseId=012064&term=1261
BIO,003161,BIO 338L - Exercise Physiology Lab,,https://catalog.nau.edu/Courses/course?courseId=003161&term=1261
BIO,000963,BIO 344 - Cellular And Molecular Biology,,https://catalog.nau.edu/Courses/course?courseId=000963&term=1261
BIO,011011,BIO 344H - Cellular And Molecular Biology - Honors,,https://catalog.nau.edu/Courses/course?courseId=011011&term=1261
BIO,000964,BIO 345 - Sustainable Botany,,https://catalog.nau.edu/Courses/course?courseId=000964&term=1261
BIO,009822,BIO 346 - Advanced Microbiology,,https://catalog.nau.edu/Courses/course?courseId=009822&term=1261
BIO,014234,BIO 346H - Advanced Microbiology - Honors,,https://catalog.nau.edu/Courses/course?courseId=014234&term=1261
BIO,000965,BIO 349L - Molecular Techniques,,https://catalog.nau.edu/Courses/course?courseId=000965&term=1261
BIO,000966,BIO 350 - Molecular Genetics,,https://catalog.nau.edu/Courses/course?courseId=000966&term=1261
BIO,010754,BIO 350H - Molecular Genetics - Honors,,https://catalog.nau.edu/Courses/course?courseId=010754&term=1261
BIO,011584,BIO 365W - Writing In The Biological Sciences,,https://catalog.nau.edu/Courses/course?courseId=011584&term=1261
BIO,013847,BIO 365WH - Writing In The Biological Sciences - Honors,,https://catalog.nau.edu/Courses/course?courseId=013847&term=1261
BIO,000967,BIO 366 - Behavior Of Animals,,https://catalog.nau.edu/Courses/course?courseId=000967&term=1261
BIO,011677,BIO 366H - Behavior Of Animals - Honors,,https://catalog.nau.edu/Courses/course?courseId=011677&term=1261
BIO,013884,BIO 367 - Global Change Biology,,https://catalog.nau.edu/Courses/course?courseId=013884&term=1261
BIO,000969,BIO 369 - Environmental Microbiology,,https://catalog.nau.edu/Courses/course?courseId=000969&term=1261
BIO,012057,BIO 369H - Environmental Microbiology - Honors,,https://catalog.nau.edu/Courses/course?courseId=012057&term=1261
BIO,000974,BIO 373 - Marine Biology,,https://catalog.nau.edu/Courses/course?courseId=000974&term=1261
BIO,012568,BIO 373H - Marine Biology - Honors,,https://catalog.nau.edu/Courses/course?courseId=012568&term=1261
BIO,000975,BIO 374 - Economic Botany,,https://catalog.nau.edu/Courses/course?courseId=000975&term=1261
BIO,009823,BIO 375 - Infectious Disease,,https://catalog.nau.edu/Courses/course?courseId=009823&term=1261
BIO,011005,BIO 375H - Infectious Disease - Honors,,https://catalog.nau.edu/Courses/course?courseId=011005&term=1261
BIO,009824,BIO 376 - Industrial Microbiology And Biotechnology,,https://catalog.nau.edu/Courses/course?courseId=009824&term=1261
BIO,000939,BIO 384 - Botany,,https://catalog.nau.edu/Courses/course?courseId=000939&term=1261
BIO,000940,BIO 384H - Botany - Honors,,https://catalog.nau.edu/Courses/course?courseId=000940&term=1261
BIO,013541,BIO 384L - Botany Lab,,https://catalog.nau.edu/Courses/course?courseId=013541&term=1261
BIO,000977,BIO 389 - Cooperative Education,,https://catalog.nau.edu/Courses/course?courseId=000977&term=1261
BIO,000979,BIO 399 - Special Topics,,https://catalog.nau.edu/Courses/course?courseId=000979&term=1261
BIO,000980,BIO 401C - Immunobiology,,https://catalog.nau.edu/Courses/course?courseId=000980&term=1261
BIO,011987,BIO 401CH - Immunobiology - Honors,,https://catalog.nau.edu/Courses/course?courseId=011987&term=1261
BIO,014443,BIO 401CL - Immunobiology Lab,,https://catalog.nau.edu/Courses/course?courseId=014443&term=1261
BIO,012092,BIO 402 - Virology,,https://catalog.nau.edu/Courses/course?courseId=012092&term=1261
BIO,013202,BIO 402H - Virology - Honors,,https://catalog.nau.edu/Courses/course?courseId=013202&term=1261
BIO,000981,BIO 408 - Fieldwork Experience,,https://catalog.nau.edu/Courses/course?courseId=000981&term=1261
BIO,003167,BIO 408C - Fieldwork Experience,,https://catalog.nau.edu/Courses/course?courseId=003167&term=1261
BIO,012021,BIO 408CH - Fieldwork Experience - Honors,,https://catalog.nau.edu/Courses/course?courseId=012021&term=1261
BIO,013063,BIO 408H - Fieldwork Experience - Honors,,https://catalog.nau.edu/Courses/course?courseId=013063&term=1261
BIO,000982,BIO 410 - Phycology,,https://catalog.nau.edu/Courses/course?courseId=000982&term=1261
BIO,000983,BIO 411 - Mycology,,https://catalog.nau.edu/Courses/course?courseId=000983&term=1261
BIO,013828,BIO 411H - Mycology - Honors,,https://catalog.nau.edu/Courses/course?courseId=013828&term=1261
BIO,012716,BIO 412C - The Mechanics And Energetics Of Locomotion,,https://catalog.nau.edu/Courses/course?courseId=012716&term=1261
BIO,013069,BIO 412CH - The Mechanics And Energetics Of Locomotion - Honors,,https://catalog.nau.edu/Courses/course?courseId=013069&term=1261
BIO,000984,BIO 414 - Native Plants Of Arizona,,https://catalog.nau.edu/Courses/course?courseId=000984&term=1261
BIO,013543,BIO 414L - Native Plants Of Arizona Lab,,https://catalog.nau.edu/Courses/course?courseId=013543&term=1261
BIO,000985,BIO 415 - Plant Taxonomy,,https://catalog.nau.edu/Courses/course?courseId=000985&term=1261
BIO,010232,BIO 416 - Gross Human Anatomy,,https://catalog.nau.edu/Courses/course?courseId=010232&term=1261
BIO,013544,BIO 416L - Gross Human Anatomy Lab,,https://catalog.nau.edu/Courses/course?courseId=013544&term=1261
BIO,013423,BIO 419 - Molecular Ecology And Evolution,,https://catalog.nau.edu/Courses/course?courseId=013423&term=1261
BIO,009638,BIO 420C - Advanced Exercise Physiology,,https://catalog.nau.edu/Courses/course?courseId=009638&term=1261
BIO,010952,BIO 420CH - Advanced Exercise Physiology - Honors,,https://catalog.nau.edu/Courses/course?courseId=010952&term=1261
BIO,000986,BIO 424 - Evolutionary Vertebrate Anatomy,,https://catalog.nau.edu/Courses/course?courseId=000986&term=1261
BIO,000991,BIO 426C - Plants And Climate,,https://catalog.nau.edu/Courses/course?courseId=000991&term=1261
BIO,012855,BIO 426CH - Plants And Climate - Honors,,https://catalog.nau.edu/Courses/course?courseId=012855&term=1261
BIO,013546,BIO 427 - Ornithology,,https://catalog.nau.edu/Courses/course?courseId=013546&term=1261
BIO,014485,BIO 427H - Ornithology - Honors,,https://catalog.nau.edu/Courses/course?courseId=014485&term=1261
BIO,013547,BIO 427L - Ornithology Lab,,https://catalog.nau.edu/Courses/course?courseId=013547&term=1261
BIO,013548,BIO 428 - Mammalogy,,https://catalog.nau.edu/Courses/course?courseId=013548&term=1261
BIO,013549,BIO 428L - Mammalogy Lab,,https://catalog.nau.edu/Courses/course?courseId=013549&term=1261
BIO,000995,BIO 431 - Plant Morphology,,https://catalog.nau.edu/Courses/course?courseId=000995&term=1261
BIO,012710,BIO 432C - Evolutionary Medicine,,https://catalog.nau.edu/Courses/course?courseId=012710&term=1261
BIO,014002,BIO 432CH - Evolutionary Medicine - Honors,,https://catalog.nau.edu/Courses/course?courseId=014002&term=1261
BIO,013885,BIO 433C - Bioethics,,https://catalog.nau.edu/Courses/course?courseId=013885&term=1261
BIO,014358,BIO 433CH - Bioethics - Honors,,https://catalog.nau.edu/Courses/course?courseId=014358&term=1261
BIO,012884,BIO 434 - Human Microbiome Ecology,,https://catalog.nau.edu/Courses/course?courseId=012884&term=1261
BIO,000971,BIO 435C - Advanced Evolutionary Theory,,https://catalog.nau.edu/Courses/course?courseId=000971&term=1261
BIO,011458,BIO 435CH - Advanced Evolutionary Theory - Honors,,https://catalog.nau.edu/Courses/course?courseId=011458&term=1261
BIO,013001,BIO 438 - Conservation Genetics,,https://catalog.nau.edu/Courses/course?courseId=013001&term=1261
BIO,010073,BIO 441 - Conservation Biology,,https://catalog.nau.edu/Courses/course?courseId=010073&term=1261
BIO,011678,BIO 441H - Conservation Biology - Honors,,https://catalog.nau.edu/Courses/course?courseId=011678&term=1261
BIO,003163,BIO 442 - Biomechanics,,https://catalog.nau.edu/Courses/course?courseId=003163&term=1261
BIO,013452,BIO 442H - Biomechanics - Honors,,https://catalog.nau.edu/Courses/course?courseId=013452&term=1261
BIO,001000,BIO 444C - Human Physiology,,https://catalog.nau.edu/Courses/course?courseId=001000&term=1261
BIO,011109,BIO 444CH - Human Physiology - Honors,,https://catalog.nau.edu/Courses/course?courseId=011109&term=1261
BIO,010233,BIO 450 - Fundamentals Of Bioinformatics,,https://catalog.nau.edu/Courses/course?courseId=010233&term=1261
BIO,000955,BIO 451C - Developmental Biology,,https://catalog.nau.edu/Courses/course?courseId=000955&term=1261
BIO,013551,BIO 452C - Ichthyology,,https://catalog.nau.edu/Courses/course?courseId=013551&term=1261
BIO,013552,BIO 452L - Ichthyology Lab,,https://catalog.nau.edu/Courses/course?courseId=013552&term=1261
BIO,011177,BIO 454C - Applied Cardiovascular Physiology,,https://catalog.nau.edu/Courses/course?courseId=011177&term=1261
BIO,013195,BIO 454CH - Applied Cardiovascular Physiology - Honors,,https://catalog.nau.edu/Courses/course?courseId=013195&term=1261
BIO,014313,BIO 455C - Endocrinology,,https://catalog.nau.edu/Courses/course?courseId=014313&term=1261
BIO,012813,BIO 458 - Success In Research Part I,,https://catalog.nau.edu/Courses/course?courseId=012813&term=1261
BIO,013586,BIO 458H - Success In Research Part I - Honors,,https://catalog.nau.edu/Courses/course?courseId=013586&term=1261
BIO,013242,BIO 459 - Success In Environmental Health Research Part 2,,https://catalog.nau.edu/Courses/course?courseId=013242&term=1261
BIO,013649,BIO 459H - Success In Environmental Health Research Part 2 - Honors,,https://catalog.nau.edu/Courses/course?courseId=013649&term=1261
BIO,003168,BIO 460 - Exercise Testing And Prescription,,https://catalog.nau.edu/Courses/course?courseId=003168&term=1261
BIO,012753,BIO 460H - Exercise Testing And Prescription - Honors,,https://catalog.nau.edu/Courses/course?courseId=012753&term=1261
BIO,003169,BIO 460L - Cardiopulmonary Exercise Testing Lab,,https://catalog.nau.edu/Courses/course?courseId=003169&term=1261
BIO,012754,BIO 460LH - Cardiopulmonary Exercise Testing Lab - Honors,,https://catalog.nau.edu/Courses/course?courseId=012754&term=1261
BIO,012717,BIO 462C - Respiratory Physiology,,https://catalog.nau.edu/Courses/course?courseId=012717&term=1261
BIO,013066,BIO 462CH - Respiratory Physiology - Honors,,https://catalog.nau.edu/Courses/course?courseId=013066&term=1261
BIO,013553,BIO 464 - Field Biology Research,,https://catalog.nau.edu/Courses/course?courseId=013553&term=1261
BIO,013554,BIO 464L - Field Biology Research Lab,,https://catalog.nau.edu/Courses/course?courseId=013554&term=1261
BIO,003171,BIO 465C - Interventions To Mitigate And Prevent Chronic Diseases,,https://catalog.nau.edu/Courses/course?courseId=003171&term=1261
BIO,001003,BIO 466 - Legislative Or The Washington Center Internship,,https://catalog.nau.edu/Courses/course?courseId=001003&term=1261
BIO,011171,BIO 467 - Ecological Sampling And Monitoring,,https://catalog.nau.edu/Courses/course?courseId=011171&term=1261
BIO,011173,BIO 469 - Data Analysis And Representation,,https://catalog.nau.edu/Courses/course?courseId=011173&term=1261
BIO,001004,BIO 470 - Topics In Ecology,,https://catalog.nau.edu/Courses/course?courseId=001004&term=1261
BIO,009931,BIO 471C - Microbial Ecology,,https://catalog.nau.edu/Courses/course?courseId=009931&term=1261
BIO,011747,BIO 471CH - Microbial Ecology - Honors,,https://catalog.nau.edu/Courses/course?courseId=011747&term=1261
BIO,001009,BIO 475 - Parasitology,,https://catalog.nau.edu/Courses/course?courseId=001009&term=1261
BIO,013933,BIO 475H - Parasitology - Honors,,https://catalog.nau.edu/Courses/course?courseId=013933&term=1261
BIO,013557,BIO 475L - Parasitology Lab,,https://catalog.nau.edu/Courses/course?courseId=013557&term=1261
BIO,001011,BIO 477 - Fish Management,,https://catalog.nau.edu/Courses/course?courseId=001011&term=1261
BIO,001012,BIO 478 - Wildlife Management,,https://catalog.nau.edu/Courses/course?courseId=001012&term=1261
BIO,001013,BIO 479 - Ecosystems And Climate Change,,https://catalog.nau.edu/Courses/course?courseId=001013&term=1261
BIO,010234,BIO 482C - Human Genomics,,https://catalog.nau.edu/Courses/course?courseId=010234&term=1261
BIO,011063,BIO 482CH - Human Genomics - Honors,,https://catalog.nau.edu/Courses/course?courseId=011063&term=1261
BIO,010518,BIO 484 - Human Tissue Biology,,https://catalog.nau.edu/Courses/course?courseId=010518&term=1261
BIO,001015,BIO 485 - Undergraduate Research,,https://catalog.nau.edu/Courses/course?courseId=001015&term=1261
BIO,003174,BIO 485C - Undergraduate Research,,https://catalog.nau.edu/Courses/course?courseId=003174&term=1261
BIO,012750,BIO 485CH - Undergraduate Research - Honors,,https://catalog.nau.edu/Courses/course?courseId=012750&term=1261
BIO,013070,BIO 485H - Undergraduate Research - Honors,,https://catalog.nau.edu/Courses/course?courseId=013070&term=1261
BIO,001017,BIO 488C - Medical Microbiology,,https://catalog.nau.edu/Courses/course?courseId=001017&term=1261
BIO,011548,BIO 488CH - Medical Microbiology - Honors,,https://catalog.nau.edu/Courses/course?courseId=011548&term=1261
BIO,012065,BIO 488L - Medical Microbiology Laboratory,,https://catalog.nau.edu/Courses/course?courseId=012065&term=1261
BIO,001018,BIO 497 - Independent Study,,https://catalog.nau.edu/Courses/course?courseId=001018&term=1261
BIO,003178,BIO 497C - Independent Study,,https://catalog.nau.edu/Courses/course?courseId=003178&term=1261
BIO,013564,BIO 497CH - Independent Study - Honors,,https://catalog.nau.edu/Courses/course?courseId=013564&term=1261
BIO,013068,BIO 497H - Independent Study - Honors,,https://catalog.nau.edu/Courses/course?courseId=013068&term=1261
BIO,001019,BIO 498 - Senior Seminar,,https://catalog.nau.edu/Courses/course?courseId=001019&term=1261
BIO,013588,BIO 498H - Senior Seminar - Honors,,https://catalog.nau.edu/Courses/course?courseId=013588&term=1261
BIO,001020,BIO 499 - Contemporary Developments,,https://catalog.nau.edu/Courses/course?courseId=001020&term=1261
BIO,012631,BIO 499H - Contemporary Developments - Honors,,https://catalog.nau.edu/Courses/course?courseId=012631&term=1261
BIO,001021,BIO 502 - Virology,,https://catalog.nau.edu/Courses/course?courseId=001021&term=1261
BIO,012711,BIO 503 - Introduction To Graduate Study In Biology,,https://catalog.nau.edu/Courses/course?courseId=012711&term=1261
BIO,012712,BIO 504 - Pan-biology,,https://catalog.nau.edu/Courses/course?courseId=012712&term=1261
BIO,012713,BIO 506 - Gross Human Anatomy,,https://catalog.nau.edu/Courses/course?courseId=012713&term=1261
BIO,013545,BIO 506L - Gross Human Anatomy Lab,,https://catalog.nau.edu/Courses/course?courseId=013545&term=1261
BIO,001023,BIO 511 - Mycology,,https://catalog.nau.edu/Courses/course?courseId=001023&term=1261
BIO,012714,BIO 513 - The Mechanics And Energetics Of Locomotion,,https://catalog.nau.edu/Courses/course?courseId=012714&term=1261
BIO,003180,BIO 514 - Advanced Exercise Physiology,,https://catalog.nau.edu/Courses/course?courseId=003180&term=1261
BIO,013424,BIO 519 - Molecular Ecology And Evolution,,https://catalog.nau.edu/Courses/course?courseId=013424&term=1261
BIO,012216,BIO 523 - Meta-analysis In Ecology And Evolution,,https://catalog.nau.edu/Courses/course?courseId=012216&term=1261
BIO,001029,BIO 525 - Ichthyology,,https://catalog.nau.edu/Courses/course?courseId=001029&term=1261
BIO,013550,BIO 525L - Ichthyology Lab,,https://catalog.nau.edu/Courses/course?courseId=013550&term=1261
BIO,001030,BIO 526 - Herpetology,,https://catalog.nau.edu/Courses/course?courseId=001030&term=1261
BIO,013558,BIO 526L - Herpetology Lab,,https://catalog.nau.edu/Courses/course?courseId=013558&term=1261
BIO,001031,BIO 527 - Ornithology,,https://catalog.nau.edu/Courses/course?courseId=001031&term=1261
BIO,013464,BIO 527H - Ornithology - Honors,,https://catalog.nau.edu/Courses/course?courseId=013464&term=1261
BIO,001032,BIO 528 - Mammalogy,,https://catalog.nau.edu/Courses/course?courseId=001032&term=1261
BIO,012885,BIO 534 - Human Microbiome Ecology,,https://catalog.nau.edu/Courses/course?courseId=012885&term=1261
BIO,012778,BIO 537 - Grant Writing,,https://catalog.nau.edu/Courses/course?courseId=012778&term=1261
BIO,013002,BIO 538 - Conservation Genetics,,https://catalog.nau.edu/Courses/course?courseId=013002&term=1261
BIO,003183,BIO 542 - Biomechanics,,https://catalog.nau.edu/Courses/course?courseId=003183&term=1261
BIO,001037,BIO 545 - Endocrinology,,https://catalog.nau.edu/Courses/course?courseId=001037&term=1261
BIO,001040,BIO 551 - Developmental Biology,,https://catalog.nau.edu/Courses/course?courseId=001040&term=1261
BIO,013664,BIO 551H - Developmental Biology - Honors,,https://catalog.nau.edu/Courses/course?courseId=013664&term=1261
BIO,011185,BIO 554 - Applied Cardiovascular Physiology,,https://catalog.nau.edu/Courses/course?courseId=011185&term=1261
BIO,012687,BIO 555 - Philosophy Of Biology,,https://catalog.nau.edu/Courses/course?courseId=012687&term=1261
BIO,012913,BIO 557 - Chemical And Molecular Biology Of Cancer,,https://catalog.nau.edu/Courses/course?courseId=012913&term=1261
BIO,012776,BIO 558 - Success In Research Part I,,https://catalog.nau.edu/Courses/course?courseId=012776&term=1261
BIO,013243,BIO 559 - Success In Environmental Health Research Part 2,,https://catalog.nau.edu/Courses/course?courseId=013243&term=1261
BIO,012886,BIO 560 - Ecotoxicology,,https://catalog.nau.edu/Courses/course?courseId=012886&term=1261
BIO,012715,BIO 562 - Advanced Respiratory Physiology,,https://catalog.nau.edu/Courses/course?courseId=012715&term=1261
BIO,013555,BIO 564 - Field Biology Research,,https://catalog.nau.edu/Courses/course?courseId=013555&term=1261
BIO,013556,BIO 564L - Field Biology Research Lab,,https://catalog.nau.edu/Courses/course?courseId=013556&term=1261
BIO,012135,BIO 565 - Interventions To Mitigate And Prevent Chronic Diseases,,https://catalog.nau.edu/Courses/course?courseId=012135&term=1261
BIO,001042,BIO 570 - Plant Ecology,,https://catalog.nau.edu/Courses/course?courseId=001042&term=1261
BIO,001045,BIO 573 - Field Ecology,,https://catalog.nau.edu/Courses/course?courseId=001045&term=1261
BIO,001049,BIO 577 - Concepts In Ecology,,https://catalog.nau.edu/Courses/course?courseId=001049&term=1261
BIO,010149,BIO 578 - Microbial Ecology,,https://catalog.nau.edu/Courses/course?courseId=010149&term=1261
BIO,001051,BIO 580 - Population And Quantitative Genetics,,https://catalog.nau.edu/Courses/course?courseId=001051&term=1261
BIO,001052,BIO 587 - Professional Development,,https://catalog.nau.edu/Courses/course?courseId=001052&term=1261
BIO,013003,BIO 590 - Fundamentals Of Bioinformatics,,https://catalog.nau.edu/Courses/course?courseId=013003&term=1261
BIO,001053,BIO 593 - In-service Teacher Workshop,,https://catalog.nau.edu/Courses/course?courseId=001053&term=1261
BIO,001054,BIO 597 - Reading For Comprehensive Exam,,https://catalog.nau.edu/Courses/course?courseId=001054&term=1261
BIO,001055,BIO 599 - Contemporary Developments,,https://catalog.nau.edu/Courses/course?courseId=001055&term=1261
BIO,011411,BIO 599H - Contemporary Developments - Honors,,https://catalog.nau.edu/Courses/course?courseId=011411&term=1261
BIO,001056,BIO 608 - Fieldwork Experience,,https://catalog.nau.edu/Courses/course?courseId=001056&term=1261
BIO,001065,BIO 663 - Biogeography,,https://catalog.nau.edu/Courses/course?courseId=001065&term=1261
BIO,001066,BIO 666 - Animal Behavior,,https://catalog.nau.edu/Courses/course?courseId=001066&term=1261
BIO,001069,BIO 673 - Physiological Ecology,,https://catalog.nau.edu/Courses/course?courseId=001069&term=1261
BIO,014186,BIO 676 - Phylogenetics,,https://catalog.nau.edu/Courses/course?courseId=014186&term=1261
BIO,001070,BIO 680 - Biological Techniques,,https://catalog.nau.edu/Courses/course?courseId=001070&term=1261
BIO,001072,BIO 682 - Quantitative Biology,,https://catalog.nau.edu/Courses/course?courseId=001072&term=1261
BIO,001074,BIO 685 - Graduate Research,,https://catalog.nau.edu/Courses/course?courseId=001074&term=1261
BIO,001075,BIO 697 - Independent Study,,https://catalog.nau.edu/Courses/course?courseId=001075&term=1261
BIO,001076,BIO 698 - Graduate Seminar,,https://catalog.nau.edu/Courses/course?courseId=001076&term=1261
BIO,001077,BIO 699 - Graduate Thesis,,https://catalog.nau.edu/Courses/course?courseId=001077&term=1261
BIO,001080,BIO 799 - Dissertation,,https://catalog.nau.edu/Courses/course?courseId=001080&term=1261
ENG,002601,ENG 100 - English Composition: Writing Center,,https://catalog.nau.edu/Courses/course?courseId=002601&term=1261
ENG,002607,ENG 105 - Critical Reading And Writing In The University Community,,https://catalog.nau.edu/Courses/course?courseId=002607&term=1261
ENG,011466,ENG 107 - Intensive Writing Lab,,https://catalog.nau.edu/Courses/course?courseId=011466&term=1261
ENG,002608,ENG 110 - Rhetoric In The Media,,https://catalog.nau.edu/Courses/course?courseId=002608&term=1261
ENG,013280,"ENG 118 - Special Topics: Diversity In Rhetoric, Writing, And Digital Media",,https://catalog.nau.edu/Courses/course?courseId=013280&term=1261
ENG,013442,ENG 120 - Introduction To Workplace Writing,,https://catalog.nau.edu/Courses/course?courseId=013442&term=1261
ENG,002609,ENG 121 - The Story Of English,,https://catalog.nau.edu/Courses/course?courseId=002609&term=1261
ENG,014281,ENG 122 - Word Roots,,https://catalog.nau.edu/Courses/course?courseId=014281&term=1261
ENG,002610,ENG 130 - Exploring Literature,,https://catalog.nau.edu/Courses/course?courseId=002610&term=1261
ENG,009503,ENG 130H - Exploring Literature - Honors,,https://catalog.nau.edu/Courses/course?courseId=009503&term=1261
ENG,012938,ENG 174 - Introduction To Creative Writing,,https://catalog.nau.edu/Courses/course?courseId=012938&term=1261
ENG,013443,ENG 179 - The Craft Of Creative Writing,,https://catalog.nau.edu/Courses/course?courseId=013443&term=1261
ENG,002612,ENG 199 - Special Topics,,https://catalog.nau.edu/Courses/course?courseId=002612&term=1261
ENG,002614,ENG 205 - The Academic Writer's Workshop,,https://catalog.nau.edu/Courses/course?courseId=002614&term=1261
ENG,002615,ENG 205H - The Academic Writer's Workshop - Honors,,https://catalog.nau.edu/Courses/course?courseId=002615&term=1261
ENG,002617,ENG 210 - Principles In Rhetoric And Writing,,https://catalog.nau.edu/Courses/course?courseId=002617&term=1261
ENG,002618,ENG 211 - Principles In Argumentation And Digital Media Writing,,https://catalog.nau.edu/Courses/course?courseId=002618&term=1261
ENG,010019,ENG 211H - Principles In Argumentation And Digital Media Writing - Honors,,https://catalog.nau.edu/Courses/course?courseId=010019&term=1261
ENG,012033,ENG 218 - Introduction To Public And Disciplinary Writing,,https://catalog.nau.edu/Courses/course?courseId=012033&term=1261
ENG,002625,ENG 220 - English Grammar And Usage,,https://catalog.nau.edu/Courses/course?courseId=002625&term=1261
ENG,002628,ENG 223 - Language In The United States,,https://catalog.nau.edu/Courses/course?courseId=002628&term=1261
ENG,002631,ENG 230 - Introduction To Literature,,https://catalog.nau.edu/Courses/course?courseId=002631&term=1261
ENG,009427,ENG 230H - Introduction To Literature - Honors,,https://catalog.nau.edu/Courses/course?courseId=009427&term=1261
ENG,002632,ENG 231 - British Literature To 1750,,https://catalog.nau.edu/Courses/course?courseId=002632&term=1261
ENG,009428,ENG 231H - British Literature To 1750 - Honors,,https://catalog.nau.edu/Courses/course?courseId=009428&term=1261
ENG,002633,ENG 232 - British Literature After 1750,,https://catalog.nau.edu/Courses/course?courseId=002633&term=1261
ENG,009489,ENG 232H - British Literature After 1750 - Honors,,https://catalog.nau.edu/Courses/course?courseId=009489&term=1261
ENG,002635,ENG 242 - American Literature From Colonial Times To 1865,,https://catalog.nau.edu/Courses/course?courseId=002635&term=1261
ENG,002636,ENG 243 - American Literature From 1865 To Present,,https://catalog.nau.edu/Courses/course?courseId=002636&term=1261
ENG,002637,ENG 245 - U. S. Multi-ethnic Literature Survey,,https://catalog.nau.edu/Courses/course?courseId=002637&term=1261
ENG,009688,ENG 245H - U. S. Multi-ethnic Literature Survey - Honors,,https://catalog.nau.edu/Courses/course?courseId=009688&term=1261
ENG,009812,ENG 247 - Introduction To African American Literature,,https://catalog.nau.edu/Courses/course?courseId=009812&term=1261
ENG,010150,ENG 247H - Intro To African American Literature - Honors,,https://catalog.nau.edu/Courses/course?courseId=010150&term=1261
ENG,014213,ENG 248 - Indigenous Literature For Young People,,https://catalog.nau.edu/Courses/course?courseId=014213&term=1261
ENG,002640,ENG 253 - World Literature,,https://catalog.nau.edu/Courses/course?courseId=002640&term=1261
ENG,002642,ENG 261 - Introduction To Women Writers,,https://catalog.nau.edu/Courses/course?courseId=002642&term=1261
ENG,009440,ENG 261H - Introduction To Women Writers - Honors,,https://catalog.nau.edu/Courses/course?courseId=009440&term=1261
ENG,010185,ENG 266 - World Cinema: An Introduction,,https://catalog.nau.edu/Courses/course?courseId=010185&term=1261
ENG,010311,ENG 266H - World Cinema: An Introduction - Honors,,https://catalog.nau.edu/Courses/course?courseId=010311&term=1261
ENG,002643,ENG 270 - Introduction To Creative Writing: Fiction,,https://catalog.nau.edu/Courses/course?courseId=002643&term=1261
ENG,002644,ENG 271 - Introduction To Creative Writing: Poetry,,https://catalog.nau.edu/Courses/course?courseId=002644&term=1261
ENG,010021,ENG 272 - Introduction To Creative Writing: Creative Nonfiction,,https://catalog.nau.edu/Courses/course?courseId=010021&term=1261
ENG,002648,ENG 299 - Special Topics,,https://catalog.nau.edu/Courses/course?courseId=002648&term=1261
ENG,002649,ENG 300 - Current Trends And Theories In The Teaching Of English,,https://catalog.nau.edu/Courses/course?courseId=002649&term=1261
ENG,011343,ENG 300H - Current Trends And Theories In The Teaching Of English - Honors,,https://catalog.nau.edu/Courses/course?courseId=011343&term=1261
ENG,002651,ENG 301W - Language And Literacy,,https://catalog.nau.edu/Courses/course?courseId=002651&term=1261
ENG,002653,ENG 302W - Technical Writing,,https://catalog.nau.edu/Courses/course?courseId=002653&term=1261
ENG,012340,ENG 302WH - Technical Writing - Honors,,https://catalog.nau.edu/Courses/course?courseId=012340&term=1261
ENG,002655,ENG 305W - Writing In Disciplinary Communities,,https://catalog.nau.edu/Courses/course?courseId=002655&term=1261
ENG,012453,ENG 305WH - Writing In Disciplinary Communities - Honors,,https://catalog.nau.edu/Courses/course?courseId=012453&term=1261
ENG,002658,ENG 308 - Introduction To Linguistics,,https://catalog.nau.edu/Courses/course?courseId=002658&term=1261
ENG,010760,ENG 308H - Introduction To Linguistics - Honors,,https://catalog.nau.edu/Courses/course?courseId=010760&term=1261
ENG,002660,ENG 310W - Topics In Academic And Public Writing For Diverse Communities,,https://catalog.nau.edu/Courses/course?courseId=002660&term=1261
ENG,002663,"ENG 313W - Topics In Literacy, Language And Diversity",,https://catalog.nau.edu/Courses/course?courseId=002663&term=1261
ENG,002669,ENG 321 - English Grammars,,https://catalog.nau.edu/Courses/course?courseId=002669&term=1261
ENG,010839,ENG 321H - English Grammar - Honors,,https://catalog.nau.edu/Courses/course?courseId=010839&term=1261
ENG,002673,ENG 327 - British Fiction,,https://catalog.nau.edu/Courses/course?courseId=002673&term=1261
ENG,010967,ENG 327H - British Fiction - Honors,,https://catalog.nau.edu/Courses/course?courseId=010967&term=1261
ENG,002680,ENG 333 - Chaucer,,https://catalog.nau.edu/Courses/course?courseId=002680&term=1261
ENG,009490,ENG 333H - Chaucer - Honors,,https://catalog.nau.edu/Courses/course?courseId=009490&term=1261
ENG,002682,ENG 335 - Shakespeare,,https://catalog.nau.edu/Courses/course?courseId=002682&term=1261
ENG,009429,ENG 335H - Shakespeare - Honors,,https://catalog.nau.edu/Courses/course?courseId=009429&term=1261
ENG,002685,ENG 337 - Studies In Poetry,,https://catalog.nau.edu/Courses/course?courseId=002685&term=1261
ENG,011471,ENG 337H - Studies In Poetry - Honors,,https://catalog.nau.edu/Courses/course?courseId=011471&term=1261
ENG,011570,ENG 340 - Studies In Children's Literature,,https://catalog.nau.edu/Courses/course?courseId=011570&term=1261
ENG,002687,ENG 341 - American Fiction,,https://catalog.nau.edu/Courses/course?courseId=002687&term=1261
ENG,009862,ENG 341H - American Fiction - Honors,,https://catalog.nau.edu/Courses/course?courseId=009862&term=1261
ENG,002691,ENG 345 - Topics In U. S. Multi-ethnic Literature,,https://catalog.nau.edu/Courses/course?courseId=002691&term=1261
ENG,012858,ENG 345H - Topics In U. S. Multi-ethnic Literature - Honors,,https://catalog.nau.edu/Courses/course?courseId=012858&term=1261
ENG,002752,ENG 346W - Literature Of The Southwest,,https://catalog.nau.edu/Courses/course?courseId=002752&term=1261
ENG,002694,ENG 351 - Post-colonial Literary Traditions,,https://catalog.nau.edu/Courses/course?courseId=002694&term=1261
ENG,010017,ENG 351H - Post-colonial Literary Traditions - Honors,,https://catalog.nau.edu/Courses/course?courseId=010017&term=1261
ENG,002638,ENG 358 - Ancient Literature,,https://catalog.nau.edu/Courses/course?courseId=002638&term=1261
ENG,012867,ENG 358H - Ancient Literature - Honors,,https://catalog.nau.edu/Courses/course?courseId=012867&term=1261
ENG,002700,ENG 360W - Literary Criticism,,https://catalog.nau.edu/Courses/course?courseId=002700&term=1261
ENG,013840,ENG 360WH - Literary Criticism - Honors,,https://catalog.nau.edu/Courses/course?courseId=013840&term=1261
ENG,002701,ENG 361 - Special Topics In Women Writers,,https://catalog.nau.edu/Courses/course?courseId=002701&term=1261
ENG,009491,ENG 361H - Special Topics In Women Writers - Honors,,https://catalog.nau.edu/Courses/course?courseId=009491&term=1261
ENG,002702,ENG 362 - Drama,,https://catalog.nau.edu/Courses/course?courseId=002702&term=1261
ENG,002705,ENG 364W - Topics In Popular Literature,,https://catalog.nau.edu/Courses/course?courseId=002705&term=1261
ENG,009430,ENG 364WH - Topics In Popular Literature - Honors,,https://catalog.nau.edu/Courses/course?courseId=009430&term=1261
ENG,002706,ENG 365 - Contemporary Literature,,https://catalog.nau.edu/Courses/course?courseId=002706&term=1261
ENG,002707,ENG 365H - Contemporary Literature - Honors,,https://catalog.nau.edu/Courses/course?courseId=002707&term=1261
ENG,012145,ENG 368 - Studies In Speculative Literature,,https://catalog.nau.edu/Courses/course?courseId=012145&term=1261
ENG,002712,ENG 370W - Intermediate Fiction Writing,,https://catalog.nau.edu/Courses/course?courseId=002712&term=1261
ENG,011735,ENG 370WH - Intermediate Fiction Writing - Honors,,https://catalog.nau.edu/Courses/course?courseId=011735&term=1261
ENG,002713,ENG 371 - Intermediate Poetry Writing,,https://catalog.nau.edu/Courses/course?courseId=002713&term=1261
ENG,012456,ENG 371H - Intermediate Poetry Writing - Honors,,https://catalog.nau.edu/Courses/course?courseId=012456&term=1261
ENG,012146,ENG 372W - Intermediate Creative Nonfiction Writing,,https://catalog.nau.edu/Courses/course?courseId=012146&term=1261
ENG,013604,ENG 372WH - Intermediate Creative Nonfiction Writing - Honors,,https://catalog.nau.edu/Courses/course?courseId=013604&term=1261
ENG,012905,ENG 373 - Writing For Performance,,https://catalog.nau.edu/Courses/course?courseId=012905&term=1261
ENG,002716,ENG 389 - Cooperative Education,,https://catalog.nau.edu/Courses/course?courseId=002716&term=1261
ENG,002718,ENG 399 - Special Topics,,https://catalog.nau.edu/Courses/course?courseId=002718&term=1261
ENG,002719,ENG 399H - Special Topics - Honors,,https://catalog.nau.edu/Courses/course?courseId=002719&term=1261
ENG,002720,ENG 400 - Methods Of Teaching Literature In The Secondary Classroom,,https://catalog.nau.edu/Courses/course?courseId=002720&term=1261
ENG,010747,ENG 400H - Methods Of Teaching Literature In The Secondary Classroom - Honors,,https://catalog.nau.edu/Courses/course?courseId=010747&term=1261
ENG,002721,ENG 401 - English Education Practicum,,https://catalog.nau.edu/Courses/course?courseId=002721&term=1261
ENG,002723,ENG 403 - Approaches To Teaching Writing In The Secondary Classroom,,https://catalog.nau.edu/Courses/course?courseId=002723&term=1261
ENG,012866,ENG 403H - Approaches To Teaching Writing In The Secondary Classroom - Honors,,https://catalog.nau.edu/Courses/course?courseId=012866&term=1261
ENG,002724,ENG 404 - Literature For Adolescents,,https://catalog.nau.edu/Courses/course?courseId=002724&term=1261
ENG,013638,ENG 404H - Literature For Adolescents - Honors,,https://catalog.nau.edu/Courses/course?courseId=013638&term=1261
ENG,012939,"ENG 405 - Writing Center: Writing, Research, Design Presentation",,https://catalog.nau.edu/Courses/course?courseId=012939&term=1261
ENG,009683,ENG 406 - Ell Methods And Materials For Secondary Teachers,,https://catalog.nau.edu/Courses/course?courseId=009683&term=1261
ENG,011736,ENG 406H - Ell Methods And Materials For Secondary Teachers - Honors,,https://catalog.nau.edu/Courses/course?courseId=011736&term=1261
ENG,002726,ENG 408 - Field Work Experience: Cooperative Education,,https://catalog.nau.edu/Courses/course?courseId=002726&term=1261
ENG,009624,ENG 410C - Current Trends In Rhetoric And Digital Media,,https://catalog.nau.edu/Courses/course?courseId=009624&term=1261
ENG,010178,ENG 410CH - Current Trends In Rhetoric And Digital Media - Honors,,https://catalog.nau.edu/Courses/course?courseId=010178&term=1261
ENG,009625,"ENG 411C - Current Trends In Rhetoric, Culture And Society",,https://catalog.nau.edu/Courses/course?courseId=009625&term=1261
ENG,010018,"ENG 411CH - Current Trends In Rhetoric, Culture And Society - Honors",,https://catalog.nau.edu/Courses/course?courseId=010018&term=1261
ENG,009626,ENG 420C - Seminar In Language,,https://catalog.nau.edu/Courses/course?courseId=009626&term=1261
ENG,011061,ENG 420CH - Seminar In Language - Honors,,https://catalog.nau.edu/Courses/course?courseId=011061&term=1261
ENG,002738,ENG 431 - Seminar In British Literature,,https://catalog.nau.edu/Courses/course?courseId=002738&term=1261
ENG,010602,ENG 431H - Seminar In British Literature - Honors,,https://catalog.nau.edu/Courses/course?courseId=010602&term=1261
ENG,013706,ENG 434 - Technical Documentation,,https://catalog.nau.edu/Courses/course?courseId=013706&term=1261
ENG,014682,ENG 434H - Technical Documentation - Honors,,https://catalog.nau.edu/Courses/course?courseId=014682&term=1261
ENG,002739,ENG 435 - Topics In Shakespeare,,https://catalog.nau.edu/Courses/course?courseId=002739&term=1261
ENG,009431,ENG 435H - Topics In Shakespeare - Honors,,https://catalog.nau.edu/Courses/course?courseId=009431&term=1261
ENG,002741,ENG 441 - Seminar In American Literature,,https://catalog.nau.edu/Courses/course?courseId=002741&term=1261
ENG,011675,ENG 441H - Seminar In American Literature - Honors,,https://catalog.nau.edu/Courses/course?courseId=011675&term=1261
ENG,002742,ENG 445 - Seminar In U. S. Multi-ethnic Literature,,https://catalog.nau.edu/Courses/course?courseId=002742&term=1261
ENG,009861,ENG 445H - Seminar In U. S. Multi-ethnic Literature - Honors,,https://catalog.nau.edu/Courses/course?courseId=009861&term=1261
ENG,002744,ENG 451 - Seminar In Comparative Literature,,https://catalog.nau.edu/Courses/course?courseId=002744&term=1261
ENG,012862,ENG 451H - Seminar In Comparative Literature - Honors,,https://catalog.nau.edu/Courses/course?courseId=012862&term=1261
ENG,002745,ENG 460 - Seminar In Literary History,,https://catalog.nau.edu/Courses/course?courseId=002745&term=1261
ENG,002746,ENG 460H - Seminar In Literary History - Honors,,https://catalog.nau.edu/Courses/course?courseId=002746&term=1261
ENG,002747,ENG 461 - Seminar In Literary Genres,,https://catalog.nau.edu/Courses/course?courseId=002747&term=1261
ENG,009560,ENG 461H - Seminar In Literary Genres - Honors,,https://catalog.nau.edu/Courses/course?courseId=009560&term=1261
ENG,002753,ENG 466 - Legislative Or The Washington Center Internship,,https://catalog.nau.edu/Courses/course?courseId=002753&term=1261
ENG,012642,ENG 469C - Literature Emphasis Capstone,,https://catalog.nau.edu/Courses/course?courseId=012642&term=1261
ENG,013453,ENG 469CH - Literature Emphasis Capstone - Honors,,https://catalog.nau.edu/Courses/course?courseId=013453&term=1261
ENG,002754,ENG 470 - Seminar In Creative Writing: Fiction,,https://catalog.nau.edu/Courses/course?courseId=002754&term=1261
ENG,011454,ENG 470H - Seminar In Creative Writing: Fiction - Honors,,https://catalog.nau.edu/Courses/course?courseId=011454&term=1261
ENG,002755,ENG 471 - Seminar In Creative Writing: Poetry,,https://catalog.nau.edu/Courses/course?courseId=002755&term=1261
ENG,012566,ENG 471H - Seminar In Creative Writing: Poetry - Honors,,https://catalog.nau.edu/Courses/course?courseId=012566&term=1261
ENG,002756,ENG 472 - Seminar In Creative Writing: Creative Non Fiction,,https://catalog.nau.edu/Courses/course?courseId=002756&term=1261
ENG,011988,ENG 472H - Seminar In Creative Writing: Creative Nonfiction - Honors,,https://catalog.nau.edu/Courses/course?courseId=011988&term=1261
ENG,014335,ENG 473 - Multi-genre Creative Writing,,https://catalog.nau.edu/Courses/course?courseId=014335&term=1261
ENG,014599,ENG 473H - Multi-genre Creative Writing - Honors,,https://catalog.nau.edu/Courses/course?courseId=014599&term=1261
ENG,012643,ENG 479C - Editing And Publishing,,https://catalog.nau.edu/Courses/course?courseId=012643&term=1261
ENG,013072,ENG 479CH - Editing And Publishing - Honors,,https://catalog.nau.edu/Courses/course?courseId=013072&term=1261
ENG,002757,ENG 485 - Undergraduate Research,,https://catalog.nau.edu/Courses/course?courseId=002757&term=1261
ENG,012211,ENG 485H - Undergraduate Research - Honors,,https://catalog.nau.edu/Courses/course?courseId=012211&term=1261
ENG,010888,ENG 494C - Supervised Teaching: Secondary,,https://catalog.nau.edu/Courses/course?courseId=010888&term=1261
ENG,002759,ENG 497 - Independent Study,,https://catalog.nau.edu/Courses/course?courseId=002759&term=1261
ENG,012569,ENG 497H - Independent Study - Honors,,https://catalog.nau.edu/Courses/course?courseId=012569&term=1261
ENG,002761,ENG 499 - Contemporary Developments,,https://catalog.nau.edu/Courses/course?courseId=002761&term=1261
ENG,002762,ENG 499H - Contemporary Developments - Honors,,https://catalog.nau.edu/Courses/course?courseId=002762&term=1261
ENG,002763,ENG 500 - Introduction To Research In Literary Studies,,https://catalog.nau.edu/Courses/course?courseId=002763&term=1261
ENG,002766,ENG 502 - Advanced Technical Writing,,https://catalog.nau.edu/Courses/course?courseId=002766&term=1261
ENG,002768,ENG 504 - Introduction To Language And Linguistics,,https://catalog.nau.edu/Courses/course?courseId=002768&term=1261
ENG,002771,ENG 506 - Academic Language Skills For Graduate School Success,,https://catalog.nau.edu/Courses/course?courseId=002771&term=1261
ENG,002772,ENG 507 - Poetry Writing Workshop,,https://catalog.nau.edu/Courses/course?courseId=002772&term=1261
ENG,002774,ENG 509 - Fiction Writing Workshop,,https://catalog.nau.edu/Courses/course?courseId=002774&term=1261
ENG,002780,ENG 515 - Classical Literature,,https://catalog.nau.edu/Courses/course?courseId=002780&term=1261
ENG,002781,ENG 516 - Women Writers And Feminist Theory,,https://catalog.nau.edu/Courses/course?courseId=002781&term=1261
ENG,002782,ENG 517 - Professional Editing,,https://catalog.nau.edu/Courses/course?courseId=002782&term=1261
ENG,002783,ENG 518 - Sociolinguistics,,https://catalog.nau.edu/Courses/course?courseId=002783&term=1261
ENG,002788,ENG 522 - Rhetoric And Writing In Professional Communities,,https://catalog.nau.edu/Courses/course?courseId=002788&term=1261
ENG,002789,ENG 523 - British Authors,,https://catalog.nau.edu/Courses/course?courseId=002789&term=1261
ENG,002790,ENG 524 - American Authors,,https://catalog.nau.edu/Courses/course?courseId=002790&term=1261
ENG,002791,ENG 525 - World Authors,,https://catalog.nau.edu/Courses/course?courseId=002791&term=1261
ENG,010524,ENG 526 - Advanced Professional Writing,,https://catalog.nau.edu/Courses/course?courseId=010524&term=1261
ENG,002794,ENG 528 - Grammatical Foundations,,https://catalog.nau.edu/Courses/course?courseId=002794&term=1261
ENG,012906,ENG 529 - Management Communications,,https://catalog.nau.edu/Courses/course?courseId=012906&term=1261
ENG,011123,ENG 530 - Professional Environmental Writing,,https://catalog.nau.edu/Courses/course?courseId=011123&term=1261
ENG,012907,ENG 531 - Climate Science Writing,,https://catalog.nau.edu/Courses/course?courseId=012907&term=1261
ENG,013265,ENG 532 - Workplace Grammar,,https://catalog.nau.edu/Courses/course?courseId=013265&term=1261
ENG,013309,ENG 533 - Writing For Performance,,https://catalog.nau.edu/Courses/course?courseId=013309&term=1261
ENG,013707,ENG 534 - Technical Documentation,,https://catalog.nau.edu/Courses/course?courseId=013707&term=1261
ENG,002797,ENG 538 - Cross-cultural Aspects Of Language Learning,,https://catalog.nau.edu/Courses/course?courseId=002797&term=1261
ENG,002799,ENG 545 - Chicano/Chicana Literature,,https://catalog.nau.edu/Courses/course?courseId=002799&term=1261
ENG,002800,ENG 546 - Indigenous Literatures,,https://catalog.nau.edu/Courses/course?courseId=002800&term=1261
ENG,009819,ENG 547 - African American Literature,,https://catalog.nau.edu/Courses/course?courseId=009819&term=1261
ENG,002801,ENG 548 - Fundamentals Of Second Language Teaching,,https://catalog.nau.edu/Courses/course?courseId=002801&term=1261
ENG,002802,ENG 549 - Information Design And Usability Testing,,https://catalog.nau.edu/Courses/course?courseId=002802&term=1261
ENG,002803,ENG 551 - Cultural Studies,,https://catalog.nau.edu/Courses/course?courseId=002803&term=1261
ENG,002804,ENG 553 - Shakespeare,,https://catalog.nau.edu/Courses/course?courseId=002804&term=1261
ENG,012102,ENG 554 - Professional Writing For Digital Audiences,,https://catalog.nau.edu/Courses/course?courseId=012102&term=1261
ENG,012641,ENG 555 - Content Strategy,,https://catalog.nau.edu/Courses/course?courseId=012641&term=1261
ENG,002805,ENG 558 - Esl Methods And Materials: Listening & Speaking,,https://catalog.nau.edu/Courses/course?courseId=002805&term=1261
ENG,002807,ENG 559 - Esl Methods And Materials: Reading And Writing,,https://catalog.nau.edu/Courses/course?courseId=002807&term=1261
ENG,002808,ENG 560 - Literary Criticism And Theory,,https://catalog.nau.edu/Courses/course?courseId=002808&term=1261
ENG,011802,"ENG 561 - Introduction To Rhetoric, Writing And Digital Media Studies",,https://catalog.nau.edu/Courses/course?courseId=011802&term=1261
ENG,011803,ENG 562 - Introduction To Rhetoric And Composition Theory,,https://catalog.nau.edu/Courses/course?courseId=011803&term=1261
ENG,011804,ENG 563 - Introduction To Research Methods In Rhetoric And Writing Studies,,https://catalog.nau.edu/Courses/course?courseId=011804&term=1261
ENG,002810,ENG 568 - Computer Applications In Linguistics,,https://catalog.nau.edu/Courses/course?courseId=002810&term=1261
ENG,002811,ENG 569 - Project Management And Documentation Design,,https://catalog.nau.edu/Courses/course?courseId=002811&term=1261
ENG,002815,ENG 573 - Writer's Creative Process,,https://catalog.nau.edu/Courses/course?courseId=002815&term=1261
ENG,002817,ENG 576 - Literature For Adolescents,,https://catalog.nau.edu/Courses/course?courseId=002817&term=1261
ENG,014584,ENG 576H - Literature For Adolescents - Honors,,https://catalog.nau.edu/Courses/course?courseId=014584&term=1261
ENG,010542,ENG 577 - Readings In Creative Writing,,https://catalog.nau.edu/Courses/course?courseId=010542&term=1261
ENG,002819,ENG 578 - Esl Curriculum And Administration,,https://catalog.nau.edu/Courses/course?courseId=002819&term=1261
ENG,013310,ENG 579 - Literary Editing And Publishing,,https://catalog.nau.edu/Courses/course?courseId=013310&term=1261
ENG,009447,ENG 580 - Methods Of Teaching Literature In The Secondary Classroom,,https://catalog.nau.edu/Courses/course?courseId=009447&term=1261
ENG,009426,"ENG 581 - Language, Learning, And Literacy",,https://catalog.nau.edu/Courses/course?courseId=009426&term=1261
ENG,012075,ENG 582 - Approaches To Teaching Grammar,,https://catalog.nau.edu/Courses/course?courseId=012075&term=1261
ENG,009449,ENG 583 - Approaches To Teaching Writing In The Secondary Classroom,,https://catalog.nau.edu/Courses/course?courseId=009449&term=1261
ENG,002820,ENG 587 - Professional Development Seminar,,https://catalog.nau.edu/Courses/course?courseId=002820&term=1261
ENG,002821,ENG 593 - Northern Arizona Writing Project In-service,,https://catalog.nau.edu/Courses/course?courseId=002821&term=1261
ENG,010895,ENG 595 - Internship: Secondary,,https://catalog.nau.edu/Courses/course?courseId=010895&term=1261
ENG,002823,ENG 597 - Reading For Comprehensive Exam,,https://catalog.nau.edu/Courses/course?courseId=002823&term=1261
ENG,002824,ENG 599 - Contemporary Developments,,https://catalog.nau.edu/Courses/course?courseId=002824&term=1261
ENG,002826,ENG 601 - Teaching Asst. Practicum,,https://catalog.nau.edu/Courses/course?courseId=002826&term=1261
ENG,009957,ENG 605 - Proposal Writing,,https://catalog.nau.edu/Courses/course?courseId=009957&term=1261
ENG,002827,ENG 606 - Issues In Technical And Professional Writing,,https://catalog.nau.edu/Courses/course?courseId=002827&term=1261
ENG,002828,ENG 607 - Forms Of Poetry,,https://catalog.nau.edu/Courses/course?courseId=002828&term=1261
ENG,002829,ENG 608 - Fieldwork Experience,,https://catalog.nau.edu/Courses/course?courseId=002829&term=1261
ENG,002830,ENG 609 - The Art Of Fiction,,https://catalog.nau.edu/Courses/course?courseId=002830&term=1261
ENG,002832,ENG 612 - Pragmatics,,https://catalog.nau.edu/Courses/course?courseId=002832&term=1261
ENG,011805,ENG 622 - Topics In Historical And Contemporary Rhetoric,,https://catalog.nau.edu/Courses/course?courseId=011805&term=1261
ENG,011806,ENG 623 - Topics In Narrative Studies And Creative Rhetorics,,https://catalog.nau.edu/Courses/course?courseId=011806&term=1261
ENG,011807,ENG 624 - Topics In Public And Disciplinary Writing,,https://catalog.nau.edu/Courses/course?courseId=011807&term=1261
ENG,011808,ENG 626 - Topics In Digital/Social Media Studies,,https://catalog.nau.edu/Courses/course?courseId=011808&term=1261
ENG,002839,ENG 638 - Assessment For Second Language Skills,,https://catalog.nau.edu/Courses/course?courseId=002839&term=1261
ENG,002841,ENG 641 - Eighteenth-century Literature,,https://catalog.nau.edu/Courses/course?courseId=002841&term=1261
ENG,002842,ENG 642 - Nineteenth-century American Literature,,https://catalog.nau.edu/Courses/course?courseId=002842&term=1261
ENG,002843,ENG 643 - Twentieth-century American Literature,,https://catalog.nau.edu/Courses/course?courseId=002843&term=1261
ENG,002844,ENG 644 - American Literature And The Environment,,https://catalog.nau.edu/Courses/course?courseId=002844&term=1261
ENG,002845,ENG 645 - Nineteenth-century British Literature,,https://catalog.nau.edu/Courses/course?courseId=002845&term=1261
ENG,002846,ENG 646 - Twentieth-century British Literature,,https://catalog.nau.edu/Courses/course?courseId=002846&term=1261
ENG,002847,ENG 648 - Psycholinguistics,,https://catalog.nau.edu/Courses/course?courseId=002847&term=1261
ENG,002848,ENG 651 - Colonial And Postcolonial Literatures,,https://catalog.nau.edu/Courses/course?courseId=002848&term=1261
ENG,002849,ENG 655 - The Novel And Its Tradition,,https://catalog.nau.edu/Courses/course?courseId=002849&term=1261
ENG,002850,ENG 658 - Second Language Acquisition,,https://catalog.nau.edu/Courses/course?courseId=002850&term=1261
ENG,002852,ENG 662 - Literary Periods Or Genre Studies,,https://catalog.nau.edu/Courses/course?courseId=002852&term=1261
ENG,002854,ENG 668 - Research Methods In Applied Linguistics,,https://catalog.nau.edu/Courses/course?courseId=002854&term=1261
ENG,002861,ENG 676 - Workshop In Creative Nonfiction,,https://catalog.nau.edu/Courses/course?courseId=002861&term=1261
ENG,002862,ENG 678 - Topics In Esl,,https://catalog.nau.edu/Courses/course?courseId=002862&term=1261
ENG,002865,ENG 685 - Graduate Research,,https://catalog.nau.edu/Courses/course?courseId=002865&term=1261
ENG,011809,"ENG 686 - Research Projects: Rhetoric, Writing, And Digital Media Studies",,https://catalog.nau.edu/Courses/course?courseId=011809&term=1261
ENG,002866,ENG 687 - Professional Development Seminar,,https://catalog.nau.edu/Courses/course?courseId=002866&term=1261
ENG,002867,ENG 688 - Tesl Practicum,,https://catalog.nau.edu/Courses/course?courseId=002867&term=1261
ENG,009448,ENG 689 - Practicum In English Education,,https://catalog.nau.edu/Courses/course?courseId=009448&term=1261
ENG,002868,ENG 697 - Independent Study,,https://catalog.nau.edu/Courses/course?courseId=002868&term=1261
ENG,002869,ENG 698 - Graduate Seminar,,https://catalog.nau.edu/Courses/course?courseId=002869&term=1261
ENG,002870,ENG 699 - Thesis,,https://catalog.nau.edu/Courses/course?courseId=002870&term=1261
ENG,002872,ENG 702 - Seminar In Second Language Assessment,,https://catalog.nau.edu/Courses/course?courseId=002872&term=1261
ENG,002873,ENG 703 - Seminar In Second Language Acquisition,,https://catalog.nau.edu/Courses/course?courseId=002873&term=1261
ENG,002874,ENG 704 - Seminar In Classroom Research,,https://catalog.nau.edu/Courses/course?courseId=002874&term=1261
ENG,002875,ENG 705 - Seminar In Research Issues In English Language Teaching,,https://catalog.nau.edu/Courses/course?courseId=002875&term=1261
ENG,002877,ENG 707 - Seminar In The Linguistic Analysis Of Discourse And Register Variation,,https://catalog.nau.edu/Courses/course?courseId=002877&term=1261
ENG,002879,ENG 709 - Seminar In Corpus Linguistics,,https://catalog.nau.edu/Courses/course?courseId=002879&term=1261
ENG,012113,ENG 72X - Intensive English For Academic Purposes - Level Two,,https://catalog.nau.edu/Courses/course?courseId=012113&term=1261
ENG,012114,ENG 73X - Intensive English For Academic Purposes - Level Three,,https://catalog.nau.edu/Courses/course?courseId=012114&term=1261
ENG,012115,ENG 74X - Intensive English For Academic Purposes - Level Four,,https://catalog.nau.edu/Courses/course?courseId=012115&term=1261
ENG,013196,ENG 768 - Advanced Statistics For Applied Linguistics,,https://catalog.nau.edu/Courses/course?courseId=013196&term=1261
ENG,009820,ENG 787 - Professional Development Seminar,,https://catalog.nau.edu/Courses/course?courseId=009820&term=1261
ENG,002881,ENG 799 - Dissertation,,https://catalog.nau.edu/Courses/course?courseId=002881&term=1261
ENG,002600,ENG 82X - Semi-intensive English For Academic Purposes - Short Term,,https://catalog.nau.edu/Courses/course?courseId=002600&term=1261
ENG,012116,ENG 85X - Semi-intensive English For Academic Purposes - Level Five,,https://catalog.nau.edu/Courses/course?courseId=012116&term=1261
ENG,012117,ENG 86X - Semi-intensive English For Academic Purposes - Level Six,,https://catalog.nau.edu/Courses/course?courseId=012117&term=1261
ENG,012118,ENG 87X - Semi-intensive English For Academic Purposes - Level Seven,,https://catalog.nau.edu/Courses/course?courseId=012118&term=1261
ENG,012119,ENG 89X - Semi-intensive English For Academic Purposes - Level Nine,,https://catalog.nau.edu/Courses/course?courseId=012119&term=1261
EE,001736,EE 110 - Introduction To Digital Logic,,https://catalog.nau.edu/Courses/course?courseId=001736&term=1261
EE,002340,EE 188 - Electrical Engineering I,,https://catalog.nau.edu/Courses/course?courseId=002340&term=1261
EE,002341,EE 188L - Electrical Engineering I Lab,,https://catalog.nau.edu/Courses/course?courseId=002341&term=1261
EE,002342,EE 199 - Special Topics,,https://catalog.nau.edu/Courses/course?courseId=002342&term=1261
EE,001738,EE 215 - Internet Of Things Design,,https://catalog.nau.edu/Courses/course?courseId=001738&term=1261
EE,002343,EE 222 - Intermediate Programming,,https://catalog.nau.edu/Courses/course?courseId=002343&term=1261
EE,002346,EE 280 - Introduction To Electronics,,https://catalog.nau.edu/Courses/course?courseId=002346&term=1261
EE,011609,EE 286 - Electrical Engineering Design: The Process,,https://catalog.nau.edu/Courses/course?courseId=011609&term=1261
EE,002347,EE 299 - Special Topics,,https://catalog.nau.edu/Courses/course?courseId=002347&term=1261
EE,002348,EE 310 - Fundamentals Of Computer Engineering,,https://catalog.nau.edu/Courses/course?courseId=002348&term=1261
EE,014189,EE 326 - Applications Of Probability Theory And Stochasticity In Electrical Engineering,,https://catalog.nau.edu/Courses/course?courseId=014189&term=1261
EE,002350,EE 348 - Fundamentals Of Signals And Systems,,https://catalog.nau.edu/Courses/course?courseId=002350&term=1261
EE,002352,EE 364 - Fundamentals Of Electromagnetics,,https://catalog.nau.edu/Courses/course?courseId=002352&term=1261
EE,013666,EE 364H - Fundamentals Of Electromagnetics - Honors,,https://catalog.nau.edu/Courses/course?courseId=013666&term=1261
EE,002355,EE 380 - Fundamentals Of Electronic Circuits,,https://catalog.nau.edu/Courses/course?courseId=002355&term=1261
EE,002356,EE 386W - Engineering Design: The Methods,,https://catalog.nau.edu/Courses/course?courseId=002356&term=1261
EE,002359,EE 399 - Special Topics,,https://catalog.nau.edu/Courses/course?courseId=002359&term=1261
EE,010649,EE 401 - Power Systems,,https://catalog.nau.edu/Courses/course?courseId=010649&term=1261
EE,012522,EE 402 - Wind Power Conversion,,https://catalog.nau.edu/Courses/course?courseId=012522&term=1261
EE,012523,EE 403 - Electric Drives,,https://catalog.nau.edu/Courses/course?courseId=012523&term=1261
EE,013284,EE 404 - Photovoltaic Energy,,https://catalog.nau.edu/Courses/course?courseId=013284&term=1261
EE,013286,EE 405 - Electric Vehicles,,https://catalog.nau.edu/Courses/course?courseId=013286&term=1261
EE,002379,EE 406 - Power Electronics I,,https://catalog.nau.edu/Courses/course?courseId=002379&term=1261
EE,011755,EE 406H - Power Electronics I - Honors,,https://catalog.nau.edu/Courses/course?courseId=011755&term=1261
EE,010623,EE 408 - Fieldwork Experience,,https://catalog.nau.edu/Courses/course?courseId=010623&term=1261
EE,002361,EE 410 - Embedded Control,,https://catalog.nau.edu/Courses/course?courseId=002361&term=1261
EE,001766,EE 412 - Digital Systems Design,,https://catalog.nau.edu/Courses/course?courseId=001766&term=1261
EE,001761,EE 414 - Computer Architecture,,https://catalog.nau.edu/Courses/course?courseId=001761&term=1261
EE,014299,EE 422 - Advanced Internet Of Things Design,,https://catalog.nau.edu/Courses/course?courseId=014299&term=1261
EE,014300,EE 423 - System On Chip Design,,https://catalog.nau.edu/Courses/course?courseId=014300&term=1261
EE,002362,EE 430 - Communications Systems,,https://catalog.nau.edu/Courses/course?courseId=002362&term=1261
EE,010303,EE 435 - Error Correcting Codes,,https://catalog.nau.edu/Courses/course?courseId=010303&term=1261
EE,012524,EE 436 - Communications And Wireless Sensing,,https://catalog.nau.edu/Courses/course?courseId=012524&term=1261
EE,013461,EE 436H - Communications And Wireless Sensing - Honors,,https://catalog.nau.edu/Courses/course?courseId=013461&term=1261
EE,001770,EE 442 - Image Processing,,https://catalog.nau.edu/Courses/course?courseId=001770&term=1261
EE,011175,EE 443 - Foundations Of Intelligent Systems,,https://catalog.nau.edu/Courses/course?courseId=011175&term=1261
EE,002364,EE 448 - Digital Signal Processing,,https://catalog.nau.edu/Courses/course?courseId=002364&term=1261
EE,002367,EE 458 - Automatic Controls,,https://catalog.nau.edu/Courses/course?courseId=002367&term=1261
EE,013573,EE 458H - Automatic Controls - Honors,,https://catalog.nau.edu/Courses/course?courseId=013573&term=1261
EE,012998,EE 460 - Semiconductor Memories,,https://catalog.nau.edu/Courses/course?courseId=012998&term=1261
EE,002375,EE 476C - Project Design Procedures,,https://catalog.nau.edu/Courses/course?courseId=002375&term=1261
EE,002380,EE 485 - Undergraduate Research,,https://catalog.nau.edu/Courses/course?courseId=002380&term=1261
EE,002382,EE 486C - Capstone Design,,https://catalog.nau.edu/Courses/course?courseId=002382&term=1261
EE,013458,EE 486CH - Capstone Design - Honors,,https://catalog.nau.edu/Courses/course?courseId=013458&term=1261
EE,009974,EE 490 - Advanced Topics In Electrical Engineering,,https://catalog.nau.edu/Courses/course?courseId=009974&term=1261
EE,013565,EE 490H - Advanced Topics In Electrical Engineering - Honors,,https://catalog.nau.edu/Courses/course?courseId=013565&term=1261
EE,002385,EE 497 - Independent Study,,https://catalog.nau.edu/Courses/course?courseId=002385&term=1261
EE,011756,EE 497H - Independent Study - Honors,,https://catalog.nau.edu/Courses/course?courseId=011756&term=1261
EE,002386,EE 499 - Contemporary Developments,,https://catalog.nau.edu/Courses/course?courseId=002386&term=1261
EE,013279,EE 501 - Advanced Power Systems,,https://catalog.nau.edu/Courses/course?courseId=013279&term=1261
EE,012611,EE 502 - Advanced Wind Power Conversion,,https://catalog.nau.edu/Courses/course?courseId=012611&term=1261
EE,012619,EE 503 - Advanced Electric Drives,,https://catalog.nau.edu/Courses/course?courseId=012619&term=1261
EE,013285,EE 504 - Advanced Photovoltaic Energy,,https://catalog.nau.edu/Courses/course?courseId=013285&term=1261
EE,013287,EE 505 - Advanced Electric Vehicles,,https://catalog.nau.edu/Courses/course?courseId=013287&term=1261
EE,013289,EE 506 - Advanced Power Electronics I,,https://catalog.nau.edu/Courses/course?courseId=013289&term=1261
EE,014606,EE 506H - Advanced Power Electronics I - Honors,,https://catalog.nau.edu/Courses/course?courseId=014606&term=1261
EE,011179,EE 514 - Computer Architecture,,https://catalog.nau.edu/Courses/course?courseId=011179&term=1261
EE,010292,EE 526 - Random Signals And Systems,,https://catalog.nau.edu/Courses/course?courseId=010292&term=1261
EE,012618,EE 536 - Advanced Communications And Wireless Sensing,,https://catalog.nau.edu/Courses/course?courseId=012618&term=1261
EE,001789,EE 542 - Image Processing,,https://catalog.nau.edu/Courses/course?courseId=001789&term=1261
EE,011180,EE 543 - Pattern Recognition,,https://catalog.nau.edu/Courses/course?courseId=011180&term=1261
EE,011182,EE 548 - Digital Signal Processing,,https://catalog.nau.edu/Courses/course?courseId=011182&term=1261
EE,013429,EE 558 - Advanced Automatic Controls,,https://catalog.nau.edu/Courses/course?courseId=013429&term=1261
EE,014092,EE 559 - Modern Control Systems,,https://catalog.nau.edu/Courses/course?courseId=014092&term=1261
EE,002396,EE 587 - Circuit Simulation Algorithms,,https://catalog.nau.edu/Courses/course?courseId=002396&term=1261
EE,002397,EE 599 - Contemporary Developments,,https://catalog.nau.edu/Courses/course?courseId=002397&term=1261
EE,014607,EE 599H - Contemporary Developments - Honors,,https://catalog.nau.edu/Courses/course?courseId=014607&term=1261
EE,009672,EE 608 - Fieldwork Experience,,https://catalog.nau.edu/Courses/course?courseId=009672&term=1261
EE,010625,EE 685 - Graduate Research,,https://catalog.nau.edu/Courses/course?courseId=010625&term=1261
EE,002400,EE 697 - Independent Study,,https://catalog.nau.edu/Courses/course?courseId=002400&term=1261
EE,010012,EE 698 - Graduate Seminar,,https://catalog.nau.edu/Courses/course?courseId=010012&term=1261
EE,010167,EE 699 - Thesis,,https://catalog.nau.edu/Courses/course?courseId=010167&term=1261
ME,002445,ME 180 - Computer-aided Design,,https://catalog.nau.edu/Courses/course?courseId=002445&term=1261
ME,005382,ME 199 - Special Topics,,https://catalog.nau.edu/Courses/course?courseId=005382&term=1261
ME,005386,ME 240 - Materials Science,,https://catalog.nau.edu/Courses/course?courseId=005386&term=1261
ME,011994,ME 240H - Materials Science - Honors,,https://catalog.nau.edu/Courses/course?courseId=011994&term=1261
ME,002463,ME 252 - Applied Mechanics Dynamics,,https://catalog.nau.edu/Courses/course?courseId=002463&term=1261
ME,010651,ME 252R - Applied Mechanics Dynamics Recitation,,https://catalog.nau.edu/Courses/course?courseId=010651&term=1261
ME,011761,ME 286 - Design And Manufacturing,,https://catalog.nau.edu/Courses/course?courseId=011761&term=1261
ME,013562,ME 286L - Design And Manufacturing Lab,,https://catalog.nau.edu/Courses/course?courseId=013562&term=1261
ME,005384,ME 291 - Thermodynamics I,,https://catalog.nau.edu/Courses/course?courseId=005384&term=1261
ME,010652,ME 291R - Thermodynamics I Recitation,,https://catalog.nau.edu/Courses/course?courseId=010652&term=1261
ME,005385,ME 299 - Special Topics,,https://catalog.nau.edu/Courses/course?courseId=005385&term=1261
ME,012725,ME 358 - System Dynamics,,https://catalog.nau.edu/Courses/course?courseId=012725&term=1261
ME,005388,ME 365 - Machine Design I,,https://catalog.nau.edu/Courses/course?courseId=005388&term=1261
ME,012917,ME 386W - Engineering Design: The Methods,,https://catalog.nau.edu/Courses/course?courseId=012917&term=1261
ME,010162,ME 389 - Cooperative Education,,https://catalog.nau.edu/Courses/course?courseId=010162&term=1261
ME,005391,ME 392 - Thermodynamics II,,https://catalog.nau.edu/Courses/course?courseId=005391&term=1261
ME,005392,ME 395 - Fluid Mechanics I,,https://catalog.nau.edu/Courses/course?courseId=005392&term=1261
ME,009485,ME 399 - Special Topics,,https://catalog.nau.edu/Courses/course?courseId=009485&term=1261
ME,010002,ME 408 - Fieldwork Experience,,https://catalog.nau.edu/Courses/course?courseId=010002&term=1261
ME,011785,ME 423 - Flight Dynamics,,https://catalog.nau.edu/Courses/course?courseId=011785&term=1261
ME,011762,ME 425 - Applied Computational Fluid Dynamics,,https://catalog.nau.edu/Courses/course?courseId=011762&term=1261
ME,010666,ME 435 - Wind Energy Engineering,,https://catalog.nau.edu/Courses/course?courseId=010666&term=1261
ME,010765,ME 435H - Wind Energy Engineering - Honors,,https://catalog.nau.edu/Courses/course?courseId=010765&term=1261
ME,012067,ME 440 - Fluid Mechanics II,,https://catalog.nau.edu/Courses/course?courseId=012067&term=1261
ME,005396,ME 441 - Compressible Flow,,https://catalog.nau.edu/Courses/course?courseId=005396&term=1261
ME,013931,ME 441H - Compressible Flow - Honors,,https://catalog.nau.edu/Courses/course?courseId=013931&term=1261
ME,005397,ME 442 - Aerodynamics,,https://catalog.nau.edu/Courses/course?courseId=005397&term=1261
ME,013654,ME 442H - Aerodynamics - Honors,,https://catalog.nau.edu/Courses/course?courseId=013654&term=1261
ME,005387,ME 450 - Heat Transfer,,https://catalog.nau.edu/Courses/course?courseId=005387&term=1261
ME,005398,ME 451 - Renewable Energy,,https://catalog.nau.edu/Courses/course?courseId=005398&term=1261
ME,013851,ME 451H - Renewable Energy - Honors,,https://catalog.nau.edu/Courses/course?courseId=013851&term=1261
ME,005399,ME 454 - Applied Finite Element Analysis,,https://catalog.nau.edu/Courses/course?courseId=005399&term=1261
ME,005400,ME 455 - Vibrations,,https://catalog.nau.edu/Courses/course?courseId=005400&term=1261
ME,012068,ME 456 - Engineering Modeling Of Nonlinear Systems,,https://catalog.nau.edu/Courses/course?courseId=012068&term=1261
ME,013709,ME 457 - Advanced Engineering Analysis,,https://catalog.nau.edu/Courses/course?courseId=013709&term=1261
ME,014301,ME 460 - Advanced Solid Mechanics,,https://catalog.nau.edu/Courses/course?courseId=014301&term=1261
ME,011787,ME 463 - Biomechanical Engineering,,https://catalog.nau.edu/Courses/course?courseId=011787&term=1261
ME,012069,ME 465 - Machine Design II,,https://catalog.nau.edu/Courses/course?courseId=012069&term=1261
ME,005401,ME 467 - Manufacturing Processes,,https://catalog.nau.edu/Courses/course?courseId=005401&term=1261
ME,013444,ME 467H - Manufacturing Processes - Honors,,https://catalog.nau.edu/Courses/course?courseId=013444&term=1261
ME,009878,ME 467L - Manufacturing Processes Laboratory,,https://catalog.nau.edu/Courses/course?courseId=009878&term=1261
ME,011786,ME 473 - Biomaterials,,https://catalog.nau.edu/Courses/course?courseId=011786&term=1261
ME,010667,ME 475 - Adaptive Materials And Systems,,https://catalog.nau.edu/Courses/course?courseId=010667&term=1261
ME,005403,ME 476C - Mechanical Engineering Design I,,https://catalog.nau.edu/Courses/course?courseId=005403&term=1261
ME,005389,ME 482 - Advanced Cad/Cam,,https://catalog.nau.edu/Courses/course?courseId=005389&term=1261
ME,005404,ME 484 - Kinematics,,https://catalog.nau.edu/Courses/course?courseId=005404&term=1261
ME,005405,ME 485 - Undergraduate Research,,https://catalog.nau.edu/Courses/course?courseId=005405&term=1261
ME,005407,ME 486C - Mechanical Engineering Design II,,https://catalog.nau.edu/Courses/course?courseId=005407&term=1261
ME,012403,ME 486CH - Mechanical Engineering Design II - Honors,,https://catalog.nau.edu/Courses/course?courseId=012403&term=1261
ME,005409,ME 495 - Experimental Methods In The Thermal Sciences,,https://catalog.nau.edu/Courses/course?courseId=005409&term=1261
ME,005410,ME 497 - Independent Study,,https://catalog.nau.edu/Courses/course?courseId=005410&term=1261
ME,005411,ME 499 - Contemporary Developments,,https://catalog.nau.edu/Courses/course?courseId=005411&term=1261
ME,005413,ME 520 - Advanced Fluid Dynamics,,https://catalog.nau.edu/Courses/course?courseId=005413&term=1261
ME,011773,ME 523 - Flight Dynamics,,https://catalog.nau.edu/Courses/course?courseId=011773&term=1261
ME,005414,ME 525 - Applied Computational Fluid Dynamics,,https://catalog.nau.edu/Courses/course?courseId=005414&term=1261
ME,005415,ME 530 - Advanced Thermal Analysis,,https://catalog.nau.edu/Courses/course?courseId=005415&term=1261
ME,010682,ME 535 - Wind Energy Engineering,,https://catalog.nau.edu/Courses/course?courseId=010682&term=1261
ME,014143,ME 535H - Wind Energy Engineering - Honors,,https://catalog.nau.edu/Courses/course?courseId=014143&term=1261
ME,013348,ME 542 - Applied Robotics Controls,,https://catalog.nau.edu/Courses/course?courseId=013348&term=1261
ME,005412,ME 554 - Finite Element Method,,https://catalog.nau.edu/Courses/course?courseId=005412&term=1261
ME,012131,ME 556 - Engineering Modeling Of Nonlinear Systems,,https://catalog.nau.edu/Courses/course?courseId=012131&term=1261
ME,013710,ME 557 - Advanced Engineering Analysis,,https://catalog.nau.edu/Courses/course?courseId=013710&term=1261
ME,005419,ME 560 - Advanced Solid Mechanics,,https://catalog.nau.edu/Courses/course?courseId=005419&term=1261
ME,011760,ME 561 - Elasticity And Plasticity,,https://catalog.nau.edu/Courses/course?courseId=011760&term=1261
ME,011774,ME 563 - Biomechanical Engineering,,https://catalog.nau.edu/Courses/course?courseId=011774&term=1261
ME,011775,ME 573 - Biomaterials,,https://catalog.nau.edu/Courses/course?courseId=011775&term=1261
ME,010683,ME 575 - Adaptive Materials And Systems,,https://catalog.nau.edu/Courses/course?courseId=010683&term=1261
ME,005421,ME 580 - Mechanics Of Composite Materials,,https://catalog.nau.edu/Courses/course?courseId=005421&term=1261
ME,005423,ME 599 - Contemporary Developments,,https://catalog.nau.edu/Courses/course?courseId=005423&term=1261
ME,013388,ME 608 - Fieldwork Experience,,https://catalog.nau.edu/Courses/course?courseId=013388&term=1261
ME,010014,ME 685 - Graduate Research,,https://catalog.nau.edu/Courses/course?courseId=010014&term=1261
ME,013854,ME 687 - Professional Development Seminar,,https://catalog.nau.edu/Courses/course?courseId=013854&term=1261
ME,005424,ME 690 - Master's Project,,https://catalog.nau.edu/Courses/course?courseId=005424&term=1261
ME,005425,ME 697 - Independent Study,,https://catalog.nau.edu/Courses/course?courseId=005425&term=1261
ME,009834,ME 698 - Graduate Seminar,,https://catalog.nau.edu/Courses/course?courseId=009834&term=1261
ME,010169,ME 699 - Thesis,,https://catalog.nau.edu/Courses/course?courseId=010169&term=1261
ME,012182,ME 799 - Dissertation,,https://catalog.nau.edu/Courses/course?courseId=012182&term=1261
PSY,007190,PSY 101 - Introduction To Psychology,,https://catalog.nau.edu/Courses/course?courseId=007190&term=1261
PSY,009950,PSY 101H - Introduction To Psychology - Honors,,https://catalog.nau.edu/Courses/course?courseId=009950&term=1261
PSY,007194,PSY 199 - Special Topics,,https://catalog.nau.edu/Courses/course?courseId=007194&term=1261
PSY,011765,PSY 202 - Educational And Career Planning In The Psychological Sciences,,https://catalog.nau.edu/Courses/course?courseId=011765&term=1261
PSY,011473,PSY 215 - Abnormal Psychology,,https://catalog.nau.edu/Courses/course?courseId=011473&term=1261
PSY,007197,PSY 227 - Introduction To Personality,,https://catalog.nau.edu/Courses/course?courseId=007197&term=1261
PSY,007198,PSY 230 - Introduction To Statistics In Psychology,,https://catalog.nau.edu/Courses/course?courseId=007198&term=1261
PSY,012254,PSY 231 - Statistics Lab,,https://catalog.nau.edu/Courses/course?courseId=012254&term=1261
PSY,007201,PSY 240 - Developmental Psychology,,https://catalog.nau.edu/Courses/course?courseId=007201&term=1261
PSY,010580,PSY 240H - Developmental Psychology - Honors,,https://catalog.nau.edu/Courses/course?courseId=010580&term=1261
PSY,007202,PSY 250 - Social Psychology,,https://catalog.nau.edu/Courses/course?courseId=007202&term=1261
PSY,010327,PSY 255 - Introduction To Cognitive & Behavioral Neuroscience,,https://catalog.nau.edu/Courses/course?courseId=010327&term=1261
PSY,010581,PSY 255H - Introduction To Cognitive And Behavioral Neuroscience - Honors,,https://catalog.nau.edu/Courses/course?courseId=010581&term=1261
PSY,010328,PSY 260 - Cognitive Psychology,,https://catalog.nau.edu/Courses/course?courseId=010328&term=1261
PSY,007203,PSY 277 - Human Sexuality,,https://catalog.nau.edu/Courses/course?courseId=007203&term=1261
PSY,012060,PSY 279 - Introductory Undergraduate Research,,https://catalog.nau.edu/Courses/course?courseId=012060&term=1261
PSY,010347,PSY 280 - Cross-cultural Psychology,,https://catalog.nau.edu/Courses/course?courseId=010347&term=1261
PSY,007204,PSY 290 - Research Methods In Psychology,,https://catalog.nau.edu/Courses/course?courseId=007204&term=1261
PSY,007205,PSY 299 - Special Topics,,https://catalog.nau.edu/Courses/course?courseId=007205&term=1261
PSY,013909,PSY 299H - Special Topics - Honors,,https://catalog.nau.edu/Courses/course?courseId=013909&term=1261
PSY,007208,PSY 302W - Research Methods In Psychology,,https://catalog.nau.edu/Courses/course?courseId=007208&term=1261
PSY,010840,PSY 302WH - Research Methods In Psychology - Honors,,https://catalog.nau.edu/Courses/course?courseId=010840&term=1261
PSY,012826,PSY 303W - Writing In The Psychological Sciences,,https://catalog.nau.edu/Courses/course?courseId=012826&term=1261
PSY,012827,PSY 304W - Advanced Research Methods In Psychology,,https://catalog.nau.edu/Courses/course?courseId=012827&term=1261
PSY,014182,PSY 305 - Data Science And Ai In Psychology,,https://catalog.nau.edu/Courses/course?courseId=014182&term=1261
PSY,014611,PSY 305H - Data Science And Ai In Psychology - Honors,,https://catalog.nau.edu/Courses/course?courseId=014611&term=1261
PSY,011767,PSY 306 - Interpersonal Process And Psychotherapy,,https://catalog.nau.edu/Courses/course?courseId=011767&term=1261
PSY,013409,PSY 306H - Interpersonal Process And Psychotherapy - Honors,,https://catalog.nau.edu/Courses/course?courseId=013409&term=1261
PSY,007209,PSY 320 - Principles Of Learning,,https://catalog.nau.edu/Courses/course?courseId=007209&term=1261
PSY,010329,PSY 326 - Group Behavior,,https://catalog.nau.edu/Courses/course?courseId=010329&term=1261
PSY,011344,PSY 326H - Group Behavior - Honors,,https://catalog.nau.edu/Courses/course?courseId=011344&term=1261
PSY,007217,PSY 340 - Child And Adolescent Development,,https://catalog.nau.edu/Courses/course?courseId=007217&term=1261
PSY,010630,PSY 340H - Child And Adolescent Development - Honors,,https://catalog.nau.edu/Courses/course?courseId=010630&term=1261
PSY,010330,PSY 344 - Adult Development And Aging,,https://catalog.nau.edu/Courses/course?courseId=010330&term=1261
PSY,011740,PSY 344H - Adult Development And Aging - Honors,,https://catalog.nau.edu/Courses/course?courseId=011740&term=1261
PSY,007221,PSY 346 - Industrial Organizational Psychology,,https://catalog.nau.edu/Courses/course?courseId=007221&term=1261
PSY,014686,PSY 346H - Industrial Organizational Psychology - Honors,,https://catalog.nau.edu/Courses/course?courseId=014686&term=1261
PSY,007223,PSY 347 - Personnel Psychology,,https://catalog.nau.edu/Courses/course?courseId=007223&term=1261
PSY,007224,PSY 348 - Organizational Psychology,,https://catalog.nau.edu/Courses/course?courseId=007224&term=1261
PSY,012854,PSY 348H - Organizational Psychology - Honors,,https://catalog.nau.edu/Courses/course?courseId=012854&term=1261
PSY,007225,PSY 350 - Advanced Cognitive And Behavioral Neuroscience,,https://catalog.nau.edu/Courses/course?courseId=007225&term=1261
PSY,010497,PSY 350H - Advanced Cognitive And Behavioral Neuroscience - Honors,,https://catalog.nau.edu/Courses/course?courseId=010497&term=1261
PSY,012699,PSY 353 - Psychology Of Decision Making,,https://catalog.nau.edu/Courses/course?courseId=012699&term=1261
PSY,013838,PSY 353H - Psychology Of Decision Making - Honors,,https://catalog.nau.edu/Courses/course?courseId=013838&term=1261
PSY,007226,PSY 355 - Sensation And Perception,,https://catalog.nau.edu/Courses/course?courseId=007226&term=1261
PSY,007227,PSY 355H - Sensation And Perception - Honors,,https://catalog.nau.edu/Courses/course?courseId=007227&term=1261
PSY,007229,PSY 370 - Motivation And Emotion,,https://catalog.nau.edu/Courses/course?courseId=007229&term=1261
PSY,014365,PSY 370H - Motivation And Emotion - Honors,,https://catalog.nau.edu/Courses/course?courseId=014365&term=1261
PSY,007231,PSY 375 - Social Psychology Of Self And Identity,,https://catalog.nau.edu/Courses/course?courseId=007231&term=1261
PSY,013305,PSY 375H - Social Psychology Of Self And Identity - Honors,,https://catalog.nau.edu/Courses/course?courseId=013305&term=1261
PSY,010195,PSY 378 - Positive Psychology: Understanding Human Strengths,,https://catalog.nau.edu/Courses/course?courseId=010195&term=1261
PSY,013258,PSY 378H - Positive Psychology: Understanding Human Strengths - Honors,,https://catalog.nau.edu/Courses/course?courseId=013258&term=1261
PSY,007234,PSY 389 - Cooperative Education,,https://catalog.nau.edu/Courses/course?courseId=007234&term=1261
PSY,012700,PSY 397 - Evolutionary Psychology,,https://catalog.nau.edu/Courses/course?courseId=012700&term=1261
PSY,013659,PSY 397H - Evolutionary Psychology - Honors,,https://catalog.nau.edu/Courses/course?courseId=013659&term=1261
PSY,007238,PSY 399 - Special Topics,,https://catalog.nau.edu/Courses/course?courseId=007238&term=1261
PSY,013910,PSY 399H - Special Topics - Honors,,https://catalog.nau.edu/Courses/course?courseId=013910&term=1261
PSY,011766,PSY 401 - Undergraduate Teaching Apprentice,,https://catalog.nau.edu/Courses/course?courseId=011766&term=1261
PSY,013262,PSY 401H - Undergraduate Teaching Apprentice - Honors,,https://catalog.nau.edu/Courses/course?courseId=013262&term=1261
PSY,012355,PSY 404C - Psychological Sciences Capstone: Advanced Teaching Experience,,https://catalog.nau.edu/Courses/course?courseId=012355&term=1261
PSY,010331,PSY 406 - Clinical Psychology,,https://catalog.nau.edu/Courses/course?courseId=010331&term=1261
PSY,013592,PSY 406H - Clinical Psychology - Honors,,https://catalog.nau.edu/Courses/course?courseId=013592&term=1261
PSY,007242,PSY 408C - Field Work Experience,,https://catalog.nau.edu/Courses/course?courseId=007242&term=1261
PSY,011549,PSY 408CH - Field Work Experience - Honors,,https://catalog.nau.edu/Courses/course?courseId=011549&term=1261
PSY,012255,PSY 409 - Fieldwork In Human Resources,,https://catalog.nau.edu/Courses/course?courseId=012255&term=1261
PSY,013574,PSY 409H - Fieldwork In Human Resources - Honors,,https://catalog.nau.edu/Courses/course?courseId=013574&term=1261
PSY,010504,PSY 411 - Conservation Psychology: Psychology For A Sustainable Future,,https://catalog.nau.edu/Courses/course?courseId=010504&term=1261
PSY,007214,PSY 432 - Psychophysiology Of Drugs And Behavior,,https://catalog.nau.edu/Courses/course?courseId=007214&term=1261
PSY,010495,PSY 432H - Psychophysiology Of Drugs And Behavior - Honors,,https://catalog.nau.edu/Courses/course?courseId=010495&term=1261
PSY,014272,PSY 440 - Developmental Psychopathology,,https://catalog.nau.edu/Courses/course?courseId=014272&term=1261
PSY,007252,PSY 460 - Community Psychology,,https://catalog.nau.edu/Courses/course?courseId=007252&term=1261
PSY,013433,PSY 460H - Community Psychology - Honors,,https://catalog.nau.edu/Courses/course?courseId=013433&term=1261
PSY,010332,PSY 461 - Language And Cognition,,https://catalog.nau.edu/Courses/course?courseId=010332&term=1261
PSY,013846,PSY 461H - Language And Cognition - Honors,,https://catalog.nau.edu/Courses/course?courseId=013846&term=1261
PSY,007254,PSY 466 - Legislative Or The Washington Center Internship,,https://catalog.nau.edu/Courses/course?courseId=007254&term=1261
PSY,007255,PSY 470 - Stress Management,,https://catalog.nau.edu/Courses/course?courseId=007255&term=1261
PSY,007257,PSY 480 - Health Psychology,,https://catalog.nau.edu/Courses/course?courseId=007257&term=1261
PSY,013595,PSY 480H - Health Psychology - Honors,,https://catalog.nau.edu/Courses/course?courseId=013595&term=1261
PSY,007259,PSY 485 - Undergraduate Research,,https://catalog.nau.edu/Courses/course?courseId=007259&term=1261
PSY,012464,PSY 485H - Undergraduate Research - Honors,,https://catalog.nau.edu/Courses/course?courseId=012464&term=1261
PSY,010140,PSY 486C - Advanced Research Experience,,https://catalog.nau.edu/Courses/course?courseId=010140&term=1261
PSY,011604,PSY 486CH - Advanced Research Experience - Honors,,https://catalog.nau.edu/Courses/course?courseId=011604&term=1261
PSY,012828,PSY 487C - Psychology Capstone: Thinking Clearly About Psychology,,https://catalog.nau.edu/Courses/course?courseId=012828&term=1261
PSY,007260,PSY 490C - Senior Capstone: Special Topics,,https://catalog.nau.edu/Courses/course?courseId=007260&term=1261
PSY,011672,PSY 490CH - Senior Capstone: Special Topics - Honors,,https://catalog.nau.edu/Courses/course?courseId=011672&term=1261
PSY,007261,PSY 491 - Psychology Of Gender,,https://catalog.nau.edu/Courses/course?courseId=007261&term=1261
PSY,011350,PSY 491H - Psychology Of Gender - Honors,,https://catalog.nau.edu/Courses/course?courseId=011350&term=1261
PSY,007266,PSY 497 - Independent Study,,https://catalog.nau.edu/Courses/course?courseId=007266&term=1261
PSY,013652,PSY 497H - Independent Study - Honors,,https://catalog.nau.edu/Courses/course?courseId=013652&term=1261
PSY,007268,PSY 499 - Contemporary Developments,,https://catalog.nau.edu/Courses/course?courseId=007268&term=1261
PSY,007269,PSY 499H - Contemporary Developments - Honors,,https://catalog.nau.edu/Courses/course?courseId=007269&term=1261
PSY,007275,PSY 599 - Contemporary Developments,,https://catalog.nau.edu/Courses/course?courseId=007275&term=1261
PSY,007277,PSY 608 - Fieldwork Experience,,https://catalog.nau.edu/Courses/course?courseId=007277&term=1261
PSY,007279,PSY 620 - Psychology Of Learning,,https://catalog.nau.edu/Courses/course?courseId=007279&term=1261
PSY,007280,PSY 621 - Cognitive Processes,,https://catalog.nau.edu/Courses/course?courseId=007280&term=1261
PSY,012343,PSY 622 - Mental Health,,https://catalog.nau.edu/Courses/course?courseId=012343&term=1261
PSY,012344,PSY 623 - Health Psychology,,https://catalog.nau.edu/Courses/course?courseId=012344&term=1261
PSY,007281,PSY 625 - Intermediate Statistics,,https://catalog.nau.edu/Courses/course?courseId=007281&term=1261
PSY,007312,PSY 626 - Multivariate Statistics,,https://catalog.nau.edu/Courses/course?courseId=007312&term=1261
PSY,014449,PSY 627 - Applied Data Science And Survey Methods In The Psychological Sciences,,https://catalog.nau.edu/Courses/course?courseId=014449&term=1261
PSY,014448,PSY 628 - Research Dissemination Skills In The Psychological Sciences,,https://catalog.nau.edu/Courses/course?courseId=014448&term=1261
PSY,007283,PSY 633 - Developmental Psychology,,https://catalog.nau.edu/Courses/course?courseId=007283&term=1261
PSY,007284,PSY 635 - Social Psychology,,https://catalog.nau.edu/Courses/course?courseId=007284&term=1261
PSY,007285,PSY 636 - Social And Behavioral Epidemiology,,https://catalog.nau.edu/Courses/course?courseId=007285&term=1261
PSY,007291,PSY 650 - Behavioral Neuroscience,,https://catalog.nau.edu/Courses/course?courseId=007291&term=1261
PSY,007296,PSY 665 - Psychology Teaching Practicum,,https://catalog.nau.edu/Courses/course?courseId=007296&term=1261
PSY,012345,PSY 666 - Advanced Seminar: Assessments And Evaluation,,https://catalog.nau.edu/Courses/course?courseId=012345&term=1261
PSY,012346,PSY 667 - Advanced Seminar: Analytical Procedures,,https://catalog.nau.edu/Courses/course?courseId=012346&term=1261
PSY,007298,PSY 673 - Research Methods,,https://catalog.nau.edu/Courses/course?courseId=007298&term=1261
PSY,014447,PSY 674 - Community Engaged Program Development And Implementation In Psychological Sciences,,https://catalog.nau.edu/Courses/course?courseId=014447&term=1261
PSY,010092,PSY 678 - Human Sexualities In The Contemporary World,,https://catalog.nau.edu/Courses/course?courseId=010092&term=1261
PSY,012347,PSY 679 - Culminating Experience,,https://catalog.nau.edu/Courses/course?courseId=012347&term=1261
PSY,007304,PSY 685 - Graduate Research,,https://catalog.nau.edu/Courses/course?courseId=007304&term=1261
PSY,013058,PSY 685H - Graduate Research - Honors,,https://catalog.nau.edu/Courses/course?courseId=013058&term=1261
PSY,007308,PSY 697 - Independent Study,,https://catalog.nau.edu/Courses/course?courseId=007308&term=1261
PSY,007309,PSY 698 - Graduate Seminar,,https://catalog.nau.edu/Courses/course?courseId=007309&term=1261
PSY,007310,PSY 699 - Thesis,,https://catalog.nau.edu/Courses/course?courseId=007310&term=1261
PSY,013475,PSY 699H - Thesis - Honors,,https://catalog.nau.edu/Courses/course?courseId=013475&term=1261
SOC,007761,SOC 101 - Introduction To Sociology,,https://catalog.nau.edu/Courses/course?courseId=007761&term=1261
SOC,009492,SOC 101H - Intro To Sociology - Honors,,https://catalog.nau.edu/Courses/course?courseId=009492&term=1261
SOC,007766,SOC 199 - Special Topics,,https://catalog.nau.edu/Courses/course?courseId=007766&term=1261
SOC,007767,SOC 201 - Development Of Sociological Thought,,https://catalog.nau.edu/Courses/course?courseId=007767&term=1261
SOC,007768,SOC 204 - Sociology Of Gender,,https://catalog.nau.edu/Courses/course?courseId=007768&term=1261
SOC,009479,SOC 204H - Sociology Of Gender - Honors,,https://catalog.nau.edu/Courses/course?courseId=009479&term=1261
SOC,007771,SOC 210 - Social Problems,,https://catalog.nau.edu/Courses/course?courseId=007771&term=1261
SOC,007773,SOC 215 - Race And Ethnic Relations,,https://catalog.nau.edu/Courses/course?courseId=007773&term=1261
SOC,013155,SOC 215H - Race And Ethnic Relations - Honors,,https://catalog.nau.edu/Courses/course?courseId=013155&term=1261
SOC,007775,SOC 217 - The Family,,https://catalog.nau.edu/Courses/course?courseId=007775&term=1261
SOC,014318,"SOC 222 - Money, Class, And Stratification",,https://catalog.nau.edu/Courses/course?courseId=014318&term=1261
SOC,014330,SOC 236 - Governments Of Indigenous Nations Of The United States,,https://catalog.nau.edu/Courses/course?courseId=014330&term=1261
SOC,010008,SOC 299 - Special Topics,,https://catalog.nau.edu/Courses/course?courseId=010008&term=1261
SOC,007781,SOC 301 - Topics In Contemporary Social Issues,,https://catalog.nau.edu/Courses/course?courseId=007781&term=1261
SOC,010314,SOC 301H - Topics In Contemporary Social Issues - Honors,,https://catalog.nau.edu/Courses/course?courseId=010314&term=1261
SOC,014001,SOC 307 - Sociology Of Chicanx And Latinx Communities,,https://catalog.nau.edu/Courses/course?courseId=014001&term=1261
SOC,007792,"SOC 315 - American Indians, Native Nations And U. S. Society",,https://catalog.nau.edu/Courses/course?courseId=007792&term=1261
SOC,014478,"SOC 315H - American Indians, Native Nations And U. S. Society - Honors",,https://catalog.nau.edu/Courses/course?courseId=014478&term=1261
SOC,007793,SOC 316 - Sociology Of Sexuality,,https://catalog.nau.edu/Courses/course?courseId=007793&term=1261
SOC,012376,SOC 316H - Sociology Of Sexuality - Honors,,https://catalog.nau.edu/Courses/course?courseId=012376&term=1261
SOC,007795,SOC 318 - Sociology Of Health And Illness,,https://catalog.nau.edu/Courses/course?courseId=007795&term=1261
SOC,012056,SOC 318H - Sociology Of Health And Illness - Honors,,https://catalog.nau.edu/Courses/course?courseId=012056&term=1261
SOC,007796,SOC 319 - Population And Environment,,https://catalog.nau.edu/Courses/course?courseId=007796&term=1261
SOC,007798,SOC 320 - Social Psychology,,https://catalog.nau.edu/Courses/course?courseId=007798&term=1261
SOC,013368,SOC 321 - Sociology Of Film,,https://catalog.nau.edu/Courses/course?courseId=013368&term=1261
SOC,012152,SOC 327 - Sociology Of Organizations,,https://catalog.nau.edu/Courses/course?courseId=012152&term=1261
SOC,007801,SOC 330 - Macrosociology,,https://catalog.nau.edu/Courses/course?courseId=007801&term=1261
SOC,013369,SOC 332 - Sociology Of Happiness,,https://catalog.nau.edu/Courses/course?courseId=013369&term=1261
SOC,013576,SOC 332H - Sociology Of Happiness - Honors,,https://catalog.nau.edu/Courses/course?courseId=013576&term=1261
SOC,009456,SOC 333 - Environment And Society,,https://catalog.nau.edu/Courses/course?courseId=009456&term=1261
SOC,014370,SOC 333H - Environment And Society - Honors,,https://catalog.nau.edu/Courses/course?courseId=014370&term=1261
SOC,007803,SOC 334 - Sociology Of Community,,https://catalog.nau.edu/Courses/course?courseId=007803&term=1261
SOC,014331,SOC 336 - Indigenous Politics: Social And Political Movements,,https://catalog.nau.edu/Courses/course?courseId=014331&term=1261
SOC,007805,"SOC 339 - Crime, Law And Society",,https://catalog.nau.edu/Courses/course?courseId=007805&term=1261
SOC,007814,"SOC 353 - Power, Wealth And Inequality",,https://catalog.nau.edu/Courses/course?courseId=007814&term=1261
SOC,012553,"SOC 353H - Power, Wealth And Inequality - Honors",,https://catalog.nau.edu/Courses/course?courseId=012553&term=1261
SOC,007815,SOC 355W - Research Methods,,https://catalog.nau.edu/Courses/course?courseId=007815&term=1261
SOC,012100,SOC 356 - The Sociology Of Popular Culture,,https://catalog.nau.edu/Courses/course?courseId=012100&term=1261
SOC,012762,SOC 356H - The Sociology Of Popular Culture - Honors,,https://catalog.nau.edu/Courses/course?courseId=012762&term=1261
SOC,007816,SOC 360 - Sociocultural Aging,,https://catalog.nau.edu/Courses/course?courseId=007816&term=1261
SOC,012458,SOC 360H - Sociocultural Aging - Honors,,https://catalog.nau.edu/Courses/course?courseId=012458&term=1261
SOC,007819,SOC 365 - Social Statistics,,https://catalog.nau.edu/Courses/course?courseId=007819&term=1261
SOC,014279,SOC 368 - Human Reproduction In Society,,https://catalog.nau.edu/Courses/course?courseId=014279&term=1261
SOC,012723,SOC 375 - Sociology Of Social Movements,,https://catalog.nau.edu/Courses/course?courseId=012723&term=1261
SOC,007821,SOC 389 - Cooperative Education,,https://catalog.nau.edu/Courses/course?courseId=007821&term=1261
SOC,013048,"SOC 391 - Sociology Of Race, Class, And Gender",,https://catalog.nau.edu/Courses/course?courseId=013048&term=1261
SOC,007823,SOC 399 - Special Topics,,https://catalog.nau.edu/Courses/course?courseId=007823&term=1261
SOC,007827,SOC 408 - Internship,,https://catalog.nau.edu/Courses/course?courseId=007827&term=1261
SOC,007831,SOC 412 - Political Sociology,,https://catalog.nau.edu/Courses/course?courseId=007831&term=1261
SOC,010192,SOC 415 - Sociology Of Globalization,,https://catalog.nau.edu/Courses/course?courseId=010192&term=1261
SOC,007834,SOC 417 - Sociology Of Childhood,,https://catalog.nau.edu/Courses/course?courseId=007834&term=1261
SOC,007835,SOC 418 - Sociology Of Death And Dying,,https://catalog.nau.edu/Courses/course?courseId=007835&term=1261
SOC,014339,"SOC 433 - Food, Culture, And Society",,https://catalog.nau.edu/Courses/course?courseId=014339&term=1261
SOC,007845,SOC 441 - Deviance,,https://catalog.nau.edu/Courses/course?courseId=007845&term=1261
SOC,012936,SOC 441H - Deviance - Honors,,https://catalog.nau.edu/Courses/course?courseId=012936&term=1261
SOC,009457,SOC 444 - Environment And Social Change,,https://catalog.nau.edu/Courses/course?courseId=009457&term=1261
SOC,010193,SOC 456 - Sociology Of Culture,,https://catalog.nau.edu/Courses/course?courseId=010193&term=1261
SOC,007851,SOC 465 - Sociology Of Religion,,https://catalog.nau.edu/Courses/course?courseId=007851&term=1261
SOC,007853,SOC 466 - Legislative Or The Washington Center Internship,,https://catalog.nau.edu/Courses/course?courseId=007853&term=1261
SOC,007855,SOC 485 - Undergraduate Research,,https://catalog.nau.edu/Courses/course?courseId=007855&term=1261
SOC,013377,SOC 485H - Undergraduate Research - Honors,,https://catalog.nau.edu/Courses/course?courseId=013377&term=1261
SOC,014347,SOC 490 - Care For Nahádzáán (Care For Mother Earth Project),,https://catalog.nau.edu/Courses/course?courseId=014347&term=1261
SOC,007856,SOC 497 - Independent Study,,https://catalog.nau.edu/Courses/course?courseId=007856&term=1261
SOC,007858,SOC 498C - Senior Seminar,,https://catalog.nau.edu/Courses/course?courseId=007858&term=1261
SOC,012070,SOC 498CH - Senior Seminar - Honors,,https://catalog.nau.edu/Courses/course?courseId=012070&term=1261
SOC,007859,SOC 499 - Contemporary Developments,,https://catalog.nau.edu/Courses/course?courseId=007859&term=1261
SOC,007860,SOC 499H - Contemporary Developments - Honors,,https://catalog.nau.edu/Courses/course?courseId=007860&term=1261
SOC,007865,SOC 515 - Race And Ethnic Relations,,https://catalog.nau.edu/Courses/course?courseId=007865&term=1261
SOC,013049,SOC 516 - Sociology Of Globalization,,https://catalog.nau.edu/Courses/course?courseId=013049&term=1261
SOC,013050,SOC 518 - Sociology Of Death And Dying,,https://catalog.nau.edu/Courses/course?courseId=013050&term=1261
SOC,014348,SOC 590 - Care For Nahádzáán (Care For Mother Earth Project),,https://catalog.nau.edu/Courses/course?courseId=014348&term=1261
SOC,007869,SOC 599 - Contemporary Developments,,https://catalog.nau.edu/Courses/course?courseId=007869&term=1261
SOC,009493,SOC 599H - Contemporary Developments - Honors,,https://catalog.nau.edu/Courses/course?courseId=009493&term=1261
SOC,007874,SOC 608 - Fieldwork Experience,,https://catalog.nau.edu/Courses/course?courseId=007874&term=1261
SOC,007875,SOC 610 - Seminar In Sociology,,https://catalog.nau.edu/Courses/course?courseId=007875&term=1261
SOC,013370,SOC 615 - Sociology Of Immigration,,https://catalog.nau.edu/Courses/course?courseId=013370&term=1261
SOC,012829,SOC 618 - Medical Sociology,,https://catalog.nau.edu/Courses/course?courseId=012829&term=1261
SOC,013435,SOC 620 - The Sociology Of Health Inequalities,,https://catalog.nau.edu/Courses/course?courseId=013435&term=1261
SOC,007884,SOC 630 - Social Policy,,https://catalog.nau.edu/Courses/course?courseId=007884&term=1261
SOC,010217,SOC 633 - Environmental Sociology,,https://catalog.nau.edu/Courses/course?courseId=010217&term=1261
SOC,007888,SOC 641 - Sociology Of Deviance,,https://catalog.nau.edu/Courses/course?courseId=007888&term=1261
SOC,013436,SOC 644 - Consciousness And Society,,https://catalog.nau.edu/Courses/course?courseId=013436&term=1261
SOC,007891,SOC 651 - Applied Sociological Theory,,https://catalog.nau.edu/Courses/course?courseId=007891&term=1261
SOC,007892,SOC 653 - Applied Research Methods,,https://catalog.nau.edu/Courses/course?courseId=007892&term=1261
SOC,007893,SOC 654 - Qualitative Methods And Analysis,,https://catalog.nau.edu/Courses/course?courseId=007893&term=1261
SOC,007894,SOC 655 - Quantitative Analysis,,https://catalog.nau.edu/Courses/course?courseId=007894&term=1261
SOC,007895,SOC 656 - Program Evaluation,,https://catalog.nau.edu/Courses/course?courseId=007895&term=1261
SOC,007898,SOC 685 - Graduate Research,,https://catalog.nau.edu/Courses/course?courseId=007898&term=1261
SOC,007899,SOC 696 - Internship,,https://catalog.nau.edu/Courses/course?courseId=007899&term=1261
SOC,007900,SOC 697 - Independent Study,,https://catalog.nau.edu/Courses/course?courseId=007900&term=1261
SOC,007901,SOC 698 - Graduate Seminar,,https://catalog.nau.edu/Courses/course?courseId=007901&term=1261
SOC,007902,SOC 699 - Thesis,,https://catalog.nau.edu/Courses/course?courseId=007902&term=1261
FIN,003192,FIN 190 - Personal Finance In A Global Economy,,https://catalog.nau.edu/Courses/course?courseId=003192&term=1261
FIN,003194,FIN 199 - Special Topics,,https://catalog.nau.edu/Courses/course?courseId=003194&term=1261
FIN,003196,FIN 299 - Special Topics,,https://catalog.nau.edu/Courses/course?courseId=003196&term=1261
FIN,003199,FIN 303 - Investment Concepts,,https://catalog.nau.edu/Courses/course?courseId=003199&term=1261
FIN,003200,FIN 311 - Principles Of Finance,,https://catalog.nau.edu/Courses/course?courseId=003200&term=1261
FIN,010838,FIN 311H - Principles Of Finance - Honors,,https://catalog.nau.edu/Courses/course?courseId=010838&term=1261
FIN,003203,FIN 331 - Introductory Investments,,https://catalog.nau.edu/Courses/course?courseId=003203&term=1261
FIN,013850,FIN 331H - Introductory Investments - Honors,,https://catalog.nau.edu/Courses/course?courseId=013850&term=1261
FIN,003204,FIN 340 - Financial Analysis And Working Capital Management,,https://catalog.nau.edu/Courses/course?courseId=003204&term=1261
FIN,003205,FIN 350 - Corporate Managerial Finance,,https://catalog.nau.edu/Courses/course?courseId=003205&term=1261
FIN,013398,FIN 350H - Corporate Managerial Finance - Honors,,https://catalog.nau.edu/Courses/course?courseId=013398&term=1261
FIN,012984,FIN 373 - Fundamentals Of Financial Planning,,https://catalog.nau.edu/Courses/course?courseId=012984&term=1261
FIN,013449,FIN 373H - Fndmntls Financial Planning - Honors,,https://catalog.nau.edu/Courses/course?courseId=013449&term=1261
FIN,012985,FIN 383 - Tax Planning,,https://catalog.nau.edu/Courses/course?courseId=012985&term=1261
FIN,003210,FIN 399 - Special Topics,,https://catalog.nau.edu/Courses/course?courseId=003210&term=1261
FIN,003211,FIN 408 - Field Work Experience,,https://catalog.nau.edu/Courses/course?courseId=003211&term=1261
FIN,003213,FIN 431 - Investment Management,,https://catalog.nau.edu/Courses/course?courseId=003213&term=1261
FIN,012986,FIN 440 - Student Managed Investment Fund-complete Portfolio (Equity And Fixed Income),,https://catalog.nau.edu/Courses/course?courseId=012986&term=1261
FIN,010640,FIN 441 - Student Managed Investment Fund - Equity Emphasis,,https://catalog.nau.edu/Courses/course?courseId=010640&term=1261
FIN,010641,FIN 442 - Student Managed Investment Fun - Fixed Income Emphasis,,https://catalog.nau.edu/Courses/course?courseId=010641&term=1261
FIN,003215,FIN 451 - Cases In Corporate Finance,,https://catalog.nau.edu/Courses/course?courseId=003215&term=1261
FIN,012851,FIN 461 - Financial Modeling,,https://catalog.nau.edu/Courses/course?courseId=012851&term=1261
FIN,012983,FIN 464 - Risk Management And Insurance,,https://catalog.nau.edu/Courses/course?courseId=012983&term=1261
FIN,013467,FIN 464H - Risk Management And Insurance - Honors,,https://catalog.nau.edu/Courses/course?courseId=013467&term=1261
FIN,013431,FIN 465 - Insurance Operations,,https://catalog.nau.edu/Courses/course?courseId=013431&term=1261
FIN,013663,FIN 465H - Insurance Operations - Honors,,https://catalog.nau.edu/Courses/course?courseId=013663&term=1261
FIN,003216,FIN 466 - Legislative Or The Washington Center Internship,,https://catalog.nau.edu/Courses/course?courseId=003216&term=1261
FIN,013994,FIN 471 - Financial Risk Management,,https://catalog.nau.edu/Courses/course?courseId=013994&term=1261
FIN,012987,FIN 473 - Estate Planning,,https://catalog.nau.edu/Courses/course?courseId=012987&term=1261
FIN,003217,FIN 480 - International Finance,,https://catalog.nau.edu/Courses/course?courseId=003217&term=1261
FIN,012856,FIN 480H - International Finance - Honors,,https://catalog.nau.edu/Courses/course?courseId=012856&term=1261
FIN,012988,FIN 483 - Retirement Planning,,https://catalog.nau.edu/Courses/course?courseId=012988&term=1261
FIN,003218,FIN 485 - Undergraduate Research,,https://catalog.nau.edu/Courses/course?courseId=003218&term=1261
FIN,013432,FIN 490 - Rmi Integrative Projects And Analyses,,https://catalog.nau.edu/Courses/course?courseId=013432&term=1261
FIN,012989,FIN 493 - Financial Plan Development,,https://catalog.nau.edu/Courses/course?courseId=012989&term=1261
FIN,003220,FIN 497 - Independent Study,,https://catalog.nau.edu/Courses/course?courseId=003220&term=1261
FIN,003222,FIN 499 - Contemporary Developments,,https://catalog.nau.edu/Courses/course?courseId=003222&term=1261
FIN,014073,FIN 558 - Financial Analytics,,https://catalog.nau.edu/Courses/course?courseId=014073&term=1261
FIN,010540,FIN 599 - Contemporary Developments,,https://catalog.nau.edu/Courses/course?courseId=010540&term=1261
ACC,000004,ACC 199 - Special Topics,,https://catalog.nau.edu/Courses/course?courseId=000004&term=1261
ACC,000799,ACC 205 - Introduction To Business Law,,https://catalog.nau.edu/Courses/course?courseId=000799&term=1261
ACC,010175,ACC 205H - Introduction To Business Law - Honors,,https://catalog.nau.edu/Courses/course?courseId=010175&term=1261
ACC,011574,ACC 206 - Language For Business Law,,https://catalog.nau.edu/Courses/course?courseId=011574&term=1261
ACC,000005,ACC 255 - Financial Accounting For Business,,https://catalog.nau.edu/Courses/course?courseId=000005&term=1261
ACC,000006,ACC 256 - Managerial Accounting For Business,,https://catalog.nau.edu/Courses/course?courseId=000006&term=1261
ACC,011007,ACC 299 - Special Topics,,https://catalog.nau.edu/Courses/course?courseId=011007&term=1261
ACC,000010,ACC 300 - Accounting Systems,,https://catalog.nau.edu/Courses/course?courseId=000010&term=1261
ACC,000011,ACC 302 - Cost Accounting,,https://catalog.nau.edu/Courses/course?courseId=000011&term=1261
ACC,013457,ACC 302H - Cost Accounting - Honors,,https://catalog.nau.edu/Courses/course?courseId=013457&term=1261
ACC,011912,ACC 340 - Accounting Ethics,,https://catalog.nau.edu/Courses/course?courseId=011912&term=1261
ACC,013386,ACC 340H - Accounting Ethics - Honors,,https://catalog.nau.edu/Courses/course?courseId=013386&term=1261
ACC,000015,ACC 355 - Financial Reporting I,,https://catalog.nau.edu/Courses/course?courseId=000015&term=1261
ACC,010744,ACC 355H - Financial Reporting I - Honors,,https://catalog.nau.edu/Courses/course?courseId=010744&term=1261
ACC,000017,ACC 356 - Financial Reporting II,,https://catalog.nau.edu/Courses/course?courseId=000017&term=1261
ACC,014413,ACC 365 - Risk Management And Compliance,,https://catalog.nau.edu/Courses/course?courseId=014413&term=1261
ACC,000021,ACC 399 - Special Topics,,https://catalog.nau.edu/Courses/course?courseId=000021&term=1261
ACC,000023,ACC 402 - Advanced Cost Accounting,,https://catalog.nau.edu/Courses/course?courseId=000023&term=1261
ACC,000802,ACC 405 - Advanced Business Law,,https://catalog.nau.edu/Courses/course?courseId=000802&term=1261
ACC,000024,ACC 408 - Fieldwork Experience,,https://catalog.nau.edu/Courses/course?courseId=000024&term=1261
ACC,013244,ACC 408H - Fieldwork Experience - Honors,,https://catalog.nau.edu/Courses/course?courseId=013244&term=1261
ACC,013705,ACC 448 - Data Analytics In Accounting,,https://catalog.nau.edu/Courses/course?courseId=013705&term=1261
ACC,014483,ACC 448H - Data Analytics In Accounting - Honors,,https://catalog.nau.edu/Courses/course?courseId=014483&term=1261
ACC,000026,ACC 455 - Advanced Financial Reporting,,https://catalog.nau.edu/Courses/course?courseId=000026&term=1261
ACC,000027,ACC 456 - Governmental And Non Profit Accounting,,https://catalog.nau.edu/Courses/course?courseId=000027&term=1261
ACC,013915,ACC 456H - Governmental And Non Profit Accounting,,https://catalog.nau.edu/Courses/course?courseId=013915&term=1261
ACC,000019,ACC 460 - Individual Taxation,,https://catalog.nau.edu/Courses/course?courseId=000019&term=1261
ACC,014470,ACC 460H - Individual Taxation - Honors,,https://catalog.nau.edu/Courses/course?courseId=014470&term=1261
ACC,000029,ACC 466 - Legislative Or The Washington Center Internship,,https://catalog.nau.edu/Courses/course?courseId=000029&term=1261
ACC,000033,ACC 480 - Auditing,,https://catalog.nau.edu/Courses/course?courseId=000033&term=1261
ACC,000034,ACC 485 - Undergraduate Research,,https://catalog.nau.edu/Courses/course?courseId=000034&term=1261
ACC,000038,ACC 497 - Independent Study,,https://catalog.nau.edu/Courses/course?courseId=000038&term=1261
ACC,000040,ACC 499 - Contemporary Developments,,https://catalog.nau.edu/Courses/course?courseId=000040&term=1261
ACC,000047,ACC 570 - Taxation Of Business Entities,,https://catalog.nau.edu/Courses/course?courseId=000047&term=1261
ACC,000048,ACC 580 - Advanced Auditing,,https://catalog.nau.edu/Courses/course?courseId=000048&term=1261
ACC,000050,ACC 590 - Current Issues In Financial Reporting,,https://catalog.nau.edu/Courses/course?courseId=000050&term=1261
ACC,000051,ACC 599 - Contemporary Developments,,https://catalog.nau.edu/Courses/course?courseId=000051&term=1261
ACC,000045,ACC 650 - Financial Reporting And Statement Analysis,,https://catalog.nau.edu/Courses/course?courseId=000045&term=1261
HIS,004073,HIS 100 - World History I,,https://catalog.nau.edu/Courses/course?courseId=004073&term=1261
HIS,009391,HIS 100H - World History I - Honors,,https://catalog.nau.edu/Courses/course?courseId=009391&term=1261
HIS,004075,HIS 102 - World History II,,https://catalog.nau.edu/Courses/course?courseId=004075&term=1261
HIS,004076,HIS 102H - World History II - Honors,,https://catalog.nau.edu/Courses/course?courseId=004076&term=1261
HIS,004098,HIS 191 - United States History To 1865,,https://catalog.nau.edu/Courses/course?courseId=004098&term=1261
HIS,004099,HIS 192 - United States History Since 1865,,https://catalog.nau.edu/Courses/course?courseId=004099&term=1261
HIS,004080,HIS 199 - Special Topics,,https://catalog.nau.edu/Courses/course?courseId=004080&term=1261
HIS,014409,HIS 204 - U. S. Latine History,,https://catalog.nau.edu/Courses/course?courseId=014409&term=1261
HIS,010818,HIS 205 - Historical Inquiry,,https://catalog.nau.edu/Courses/course?courseId=010818&term=1261
HIS,010819,HIS 206 - Historical Inquiry Teaching Seminar,,https://catalog.nau.edu/Courses/course?courseId=010819&term=1261
HIS,013005,HIS 229 - Pre-islamic Iran & Central Asia: From Alexander To Ali,,https://catalog.nau.edu/Courses/course?courseId=013005&term=1261
HIS,004084,HIS 230 - History Of Islamic World I,,https://catalog.nau.edu/Courses/course?courseId=004084&term=1261
HIS,004085,HIS 231 - History Of Islamic World II,,https://catalog.nau.edu/Courses/course?courseId=004085&term=1261
HIS,004086,HIS 231H - History Of Islamic World II - Honors,,https://catalog.nau.edu/Courses/course?courseId=004086&term=1261
HIS,004087,HIS 240 - The Development Of Europe To 1650,,https://catalog.nau.edu/Courses/course?courseId=004087&term=1261
HIS,009498,HIS 240H - The Development Of Europe To 1650 - Honors,,https://catalog.nau.edu/Courses/course?courseId=009498&term=1261
HIS,004088,HIS 241 - The Development Of Europe Since 1650,,https://catalog.nau.edu/Courses/course?courseId=004088&term=1261
HIS,010291,HIS 241H - The Development Of Europe Since 1650 - Honors,,https://catalog.nau.edu/Courses/course?courseId=010291&term=1261
HIS,004089,HIS 249 - Pre-modern India,,https://catalog.nau.edu/Courses/course?courseId=004089&term=1261
HIS,009562,HIS 249H - Pre-modern India - Honors,,https://catalog.nau.edu/Courses/course?courseId=009562&term=1261
HIS,004090,HIS 250 - Pre-modern East Asia,,https://catalog.nau.edu/Courses/course?courseId=004090&term=1261
HIS,009392,HIS 250H - Pre-modern East Asia - Honors,,https://catalog.nau.edu/Courses/course?courseId=009392&term=1261
HIS,004091,HIS 251 - Making Of Modern Asia,,https://catalog.nau.edu/Courses/course?courseId=004091&term=1261
HIS,004092,HIS 251H - Making Modern Asia - Honors,,https://catalog.nau.edu/Courses/course?courseId=004092&term=1261
HIS,004093,"HIS 270 - Ancient Egypt, Mespotamia, And The Mediterranean",,https://catalog.nau.edu/Courses/course?courseId=004093&term=1261
HIS,004125,HIS 272 - Ancient World: Rome,,https://catalog.nau.edu/Courses/course?courseId=004125&term=1261
HIS,004126,HIS 272H - Ancient World: Rome - Honors,,https://catalog.nau.edu/Courses/course?courseId=004126&term=1261
HIS,014047,"HIS 278 - History Of Crime, Punishment, And Policing In The United States",,https://catalog.nau.edu/Courses/course?courseId=014047&term=1261
HIS,004094,HIS 280 - Colonial Latin America,,https://catalog.nau.edu/Courses/course?courseId=004094&term=1261
HIS,004095,HIS 281 - Latin America From Independence To The Present,,https://catalog.nau.edu/Courses/course?courseId=004095&term=1261
HIS,004100,HIS 293 - American Indian History,,https://catalog.nau.edu/Courses/course?courseId=004100&term=1261
HIS,009827,HIS 293H - American Indian History - Honors,,https://catalog.nau.edu/Courses/course?courseId=009827&term=1261
HIS,004102,HIS 295 - Survey Of U. S. Women And Gender,,https://catalog.nau.edu/Courses/course?courseId=004102&term=1261
HIS,009393,HIS 295H - Survey Of U. S. Women And Gender - Honors,,https://catalog.nau.edu/Courses/course?courseId=009393&term=1261
HIS,004106,HIS 299 - Special Topics,,https://catalog.nau.edu/Courses/course?courseId=004106&term=1261
HIS,009494,HIS 299H - Special Topics - Honors,,https://catalog.nau.edu/Courses/course?courseId=009494&term=1261
HIS,004109,HIS 300W - Topics In History,,https://catalog.nau.edu/Courses/course?courseId=004109&term=1261
HIS,004108,HIS 300WH - Topics In History - Honors,,https://catalog.nau.edu/Courses/course?courseId=004108&term=1261
HIS,014214,HIS 303 - History Of American Education,,https://catalog.nau.edu/Courses/course?courseId=014214&term=1261
HIS,004116,HIS 312 - Gandhi's India,,https://catalog.nau.edu/Courses/course?courseId=004116&term=1261
HIS,004117,HIS 312H - Gandhi's India - Honors,,https://catalog.nau.edu/Courses/course?courseId=004117&term=1261
HIS,004118,HIS 314 - Contemporary India,,https://catalog.nau.edu/Courses/course?courseId=004118&term=1261
HIS,014614,HIS 314H - Contemporary India - Honors,,https://catalog.nau.edu/Courses/course?courseId=014614&term=1261
HIS,012941,HIS 320 - Reform And Revolution In Islam,,https://catalog.nau.edu/Courses/course?courseId=012941&term=1261
HIS,004119,HIS 325 - Modern China,,https://catalog.nau.edu/Courses/course?courseId=004119&term=1261
HIS,010363,HIS 325H - Modern China - Honors,,https://catalog.nau.edu/Courses/course?courseId=010363&term=1261
HIS,012226,HIS 333 - The Hellenistic World From Alexander To Cleopatra,,https://catalog.nau.edu/Courses/course?courseId=012226&term=1261
HIS,013841,HIS 333H - The Hellenistic World From Alexander To Cleopatra - Honors,,https://catalog.nau.edu/Courses/course?courseId=013841&term=1261
HIS,004124,HIS 335 - The Rise Of Ancient Greece,,https://catalog.nau.edu/Courses/course?courseId=004124&term=1261
HIS,009971,HIS 335H - Ancient World: Greece - Honors,,https://catalog.nau.edu/Courses/course?courseId=009971&term=1261
HIS,004129,HIS 340 - Renaissance And Reform,,https://catalog.nau.edu/Courses/course?courseId=004129&term=1261
HIS,010305,HIS 340H - Renaissance And Reform - Honors,,https://catalog.nau.edu/Courses/course?courseId=010305&term=1261
HIS,004132,"HIS 343 - Nations, Empires, Industry: Europe 1815-1914",,https://catalog.nau.edu/Courses/course?courseId=004132&term=1261
HIS,004133,HIS 344 - Mass Politics And Global Conflict: Europe 1914-Present,,https://catalog.nau.edu/Courses/course?courseId=004133&term=1261
HIS,004134,HIS 344H - Mass Politics And Global Conflict: Europe 1914-Present - Honors,,https://catalog.nau.edu/Courses/course?courseId=004134&term=1261
HIS,012942,HIS 346 - Global Indigenous History,,https://catalog.nau.edu/Courses/course?courseId=012942&term=1261
HIS,004135,"HIS 350 - Modern Spain: Politics, Society, And Culture",,https://catalog.nau.edu/Courses/course?courseId=004135&term=1261
HIS,012227,HIS 353 - Sexuality And Politics In Antiquity,,https://catalog.nau.edu/Courses/course?courseId=012227&term=1261
HIS,010851,HIS 355 - History Of Feminisms And Feminist Historiography,,https://catalog.nau.edu/Courses/course?courseId=010851&term=1261
HIS,014603,HIS 355H - History Of Feminisms And Feminist Historiography - Honors,,https://catalog.nau.edu/Courses/course?courseId=014603&term=1261
HIS,004139,HIS 366 - The Holocaust,,https://catalog.nau.edu/Courses/course?courseId=004139&term=1261
HIS,004198,"HIS 367 - Arizona And The Southwest, 1848 To Present",,https://catalog.nau.edu/Courses/course?courseId=004198&term=1261
HIS,004200,HIS 368 - Making Of The United States West,,https://catalog.nau.edu/Courses/course?courseId=004200&term=1261
HIS,009384,HIS 368H - Making Of The United States West - Honors,,https://catalog.nau.edu/Courses/course?courseId=009384&term=1261
HIS,004202,HIS 369 - The Unites States West Transformed,,https://catalog.nau.edu/Courses/course?courseId=004202&term=1261
HIS,010244,HIS 370 - History Of United States Sports,,https://catalog.nau.edu/Courses/course?courseId=010244&term=1261
HIS,014048,"HIS 371 - Work And Workers In America, 1600-Present",,https://catalog.nau.edu/Courses/course?courseId=014048&term=1261
HIS,004206,HIS 372 - The United States In The World,,https://catalog.nau.edu/Courses/course?courseId=004206&term=1261
HIS,009499,HIS 372H - The United States In The World - Honors,,https://catalog.nau.edu/Courses/course?courseId=009499&term=1261
HIS,010380,HIS 378 - The Asian American Experience,,https://catalog.nau.edu/Courses/course?courseId=010380&term=1261
HIS,012767,HIS 378H - The Asian American Experience - Honors,,https://catalog.nau.edu/Courses/course?courseId=012767&term=1261
HIS,004104,HIS 379 - Women In Asia,,https://catalog.nau.edu/Courses/course?courseId=004104&term=1261
HIS,009378,HIS 379H - Women In Asia - Honors,,https://catalog.nau.edu/Courses/course?courseId=009378&term=1261
HIS,004143,HIS 381 - United States - Mexico Borderlands,,https://catalog.nau.edu/Courses/course?courseId=004143&term=1261
HIS,009381,HIS 381H - United States - Mexico Borderlands - Honors,,https://catalog.nau.edu/Courses/course?courseId=009381&term=1261
HIS,004144,HIS 382 - Mexico Yesterday And Today,,https://catalog.nau.edu/Courses/course?courseId=004144&term=1261
HIS,013643,HIS 382H - Mexico Yesterday And Today - Honors,,https://catalog.nau.edu/Courses/course?courseId=013643&term=1261
HIS,004205,HIS 388 - United States Thought And Culture Since 1865,,https://catalog.nau.edu/Courses/course?courseId=004205&term=1261
HIS,009385,HIS 388H - United States Thought And Culture Since 1865 - Honors,,https://catalog.nau.edu/Courses/course?courseId=009385&term=1261
HIS,004145,HIS 389 - Cooperative Education,,https://catalog.nau.edu/Courses/course?courseId=004145&term=1261
HIS,004148,HIS 392 - The Civil War: Union In Crisis,,https://catalog.nau.edu/Courses/course?courseId=004148&term=1261
HIS,004153,HIS 396 - Chicana(O) History: A History Of Mexican Americans,,https://catalog.nau.edu/Courses/course?courseId=004153&term=1261
HIS,004154,HIS 396H - Chicana(O) History: A History Of Mexican Americans - Honors,,https://catalog.nau.edu/Courses/course?courseId=004154&term=1261
HIS,004155,HIS 397 - Survey Of American Environmental History,,https://catalog.nau.edu/Courses/course?courseId=004155&term=1261
HIS,009377,HIS 397H - Survey Of American Environmental History - Honors,,https://catalog.nau.edu/Courses/course?courseId=009377&term=1261
HIS,004157,HIS 399 - Special Topics,,https://catalog.nau.edu/Courses/course?courseId=004157&term=1261
HIS,004158,HIS 399H - Special Topics - Honors,,https://catalog.nau.edu/Courses/course?courseId=004158&term=1261
HIS,009506,HIS 405 - Topics In Environmental History,,https://catalog.nau.edu/Courses/course?courseId=009506&term=1261
HIS,010820,HIS 407 - Practicum In The Schools,,https://catalog.nau.edu/Courses/course?courseId=010820&term=1261
HIS,004168,HIS 408 - Field Work Experience,,https://catalog.nau.edu/Courses/course?courseId=004168&term=1261
HIS,014149,HIS 408H - Field Work Experience - Honors,,https://catalog.nau.edu/Courses/course?courseId=014149&term=1261
HIS,004173,HIS 413 - Topics In Native American History,,https://catalog.nau.edu/Courses/course?courseId=004173&term=1261
HIS,012649,HIS 420 - Public History,,https://catalog.nau.edu/Courses/course?courseId=012649&term=1261
HIS,010821,HIS 429 - Teaching And Learning History And Geography,,https://catalog.nau.edu/Courses/course?courseId=010821&term=1261
HIS,004179,HIS 430 - Teaching And Learning Government Economics,,https://catalog.nau.edu/Courses/course?courseId=004179&term=1261
HIS,004184,HIS 460 - Studies In World History,,https://catalog.nau.edu/Courses/course?courseId=004184&term=1261
HIS,004185,HIS 460H - Studies In World History - Honors,,https://catalog.nau.edu/Courses/course?courseId=004185&term=1261
HIS,004186,HIS 466 - Legislative Or The Washington Center Internship,,https://catalog.nau.edu/Courses/course?courseId=004186&term=1261
HIS,010202,HIS 467 - Topics In Atlantic World History,,https://catalog.nau.edu/Courses/course?courseId=010202&term=1261
HIS,010203,HIS 468 - Topics In The History Of The United States,,https://catalog.nau.edu/Courses/course?courseId=010203&term=1261
HIS,004187,HIS 470 - Topics In Ancient History,,https://catalog.nau.edu/Courses/course?courseId=004187&term=1261
HIS,012914,"HIS 471 - Power, Health, Justice",,https://catalog.nau.edu/Courses/course?courseId=012914&term=1261
HIS,010296,"HIS 475 - Topics In Medicine, Cultures, Values",,https://catalog.nau.edu/Courses/course?courseId=010296&term=1261
HIS,010583,"HIS 475H - Topics In Medicine, Cultures, Values - Honors",,https://catalog.nau.edu/Courses/course?courseId=010583&term=1261
HIS,004188,HIS 480 - Topics In Latin American History,,https://catalog.nau.edu/Courses/course?courseId=004188&term=1261
HIS,004189,HIS 480H - Topics In Latin American History - Honors,,https://catalog.nau.edu/Courses/course?courseId=004189&term=1261
HIS,004190,HIS 481 - Popular Culture In Modern Latin America,,https://catalog.nau.edu/Courses/course?courseId=004190&term=1261
HIS,010204,HIS 484 - Topics In Gender And Sexuality,,https://catalog.nau.edu/Courses/course?courseId=010204&term=1261
HIS,004195,HIS 485 - Undergraduate Research,,https://catalog.nau.edu/Courses/course?courseId=004195&term=1261
HIS,010335,HIS 485H - Undergraduate Research - Honors,,https://catalog.nau.edu/Courses/course?courseId=010335&term=1261
HIS,010891,HIS 491C - Supervised Teaching: Secondary,,https://catalog.nau.edu/Courses/course?courseId=010891&term=1261
HIS,004210,HIS 495 - Topics In Working Class And Labor History,,https://catalog.nau.edu/Courses/course?courseId=004210&term=1261
HIS,014479,HIS 495H - Topics In Working Class And Labor History - Honors,,https://catalog.nau.edu/Courses/course?courseId=014479&term=1261
HIS,004211,HIS 496 - History Of Race And Ethnicity In The United States,,https://catalog.nau.edu/Courses/course?courseId=004211&term=1261
HIS,004212,HIS 496H - History Of Race And Ethnicity In The United States - Honors,,https://catalog.nau.edu/Courses/course?courseId=004212&term=1261
HIS,004213,HIS 497 - Independent Study,,https://catalog.nau.edu/Courses/course?courseId=004213&term=1261
HIS,004215,HIS 498C - Senior Seminar,,https://catalog.nau.edu/Courses/course?courseId=004215&term=1261
HIS,009507,HIS 498CH - Senior Seminar - Honors,,https://catalog.nau.edu/Courses/course?courseId=009507&term=1261
HIS,004216,HIS 499 - Contemporary Developments,,https://catalog.nau.edu/Courses/course?courseId=004216&term=1261
HIS,011178,HIS 502 - Public History,,https://catalog.nau.edu/Courses/course?courseId=011178&term=1261
HIS,004217,HIS 505 - Readings In Native American History,,https://catalog.nau.edu/Courses/course?courseId=004217&term=1261
HIS,004222,HIS 540 - Readings In European History,,https://catalog.nau.edu/Courses/course?courseId=004222&term=1261
HIS,004223,HIS 550 - Readings In Comparative History,,https://catalog.nau.edu/Courses/course?courseId=004223&term=1261
HIS,004224,HIS 560 - Readings In World History,,https://catalog.nau.edu/Courses/course?courseId=004224&term=1261
HIS,004226,"HIS 565 - Readings In Gender, Race And Class",,https://catalog.nau.edu/Courses/course?courseId=004226&term=1261
HIS,004227,HIS 566 - Legislative Or The Washington Center Internship,,https://catalog.nau.edu/Courses/course?courseId=004227&term=1261
HIS,004229,HIS 568 - Readings In Environment And Economy,,https://catalog.nau.edu/Courses/course?courseId=004229&term=1261
HIS,012915,"HIS 571 - Power, Health, Justice",,https://catalog.nau.edu/Courses/course?courseId=012915&term=1261
HIS,004230,HIS 580 - Readings In Latin American History,,https://catalog.nau.edu/Courses/course?courseId=004230&term=1261
HIS,004233,HIS 590 - Readings In United States History,,https://catalog.nau.edu/Courses/course?courseId=004233&term=1261
HIS,004234,"HIS 592 - Readings In American West, Southwest, And Borderlands",,https://catalog.nau.edu/Courses/course?courseId=004234&term=1261
HIS,004236,HIS 597 - Reading For Comprehensive Exam,,https://catalog.nau.edu/Courses/course?courseId=004236&term=1261
HIS,004237,HIS 599 - Contemporary Developments,,https://catalog.nau.edu/Courses/course?courseId=004237&term=1261
HIS,004238,HIS 600 - Historiography And Methodologies,,https://catalog.nau.edu/Courses/course?courseId=004238&term=1261
HIS,011598,HIS 602 - Topics In Graduate Research,,https://catalog.nau.edu/Courses/course?courseId=011598&term=1261
HIS,012076,HIS 603 - Writing The Prospectus,,https://catalog.nau.edu/Courses/course?courseId=012076&term=1261
HIS,004242,HIS 608 - Fieldwork Experience,,https://catalog.nau.edu/Courses/course?courseId=004242&term=1261
HIS,004261,HIS 685 - Graduate Research,,https://catalog.nau.edu/Courses/course?courseId=004261&term=1261
HIS,011567,HIS 686 - Internship,,https://catalog.nau.edu/Courses/course?courseId=011567&term=1261
HIS,004262,HIS 687 - Professional Development Seminar,,https://catalog.nau.edu/Courses/course?courseId=004262&term=1261
HIS,012016,HIS 689 - Final Project,,https://catalog.nau.edu/Courses/course?courseId=012016&term=1261
HIS,004271,HIS 697 - Independent Study,,https://catalog.nau.edu/Courses/course?courseId=004271&term=1261
HIS,004272,HIS 698 - Graduate Seminar,,https://catalog.nau.edu/Courses/course?courseId=004272&term=1261
HIS,004273,HIS 699 - Thesis,,https://catalog.nau.edu/Courses/course?courseId=004273&term=1261
HIS,004280,HIS 799 - Dissertation,,https://catalog.nau.edu/Courses/course?courseId=004280&term=1261
ANT,000271,ANT 101 - Introduction To Biological Anthropology,,https://catalog.nau.edu/Courses/course?courseId=000271&term=1261
ANT,009574,ANT 101H - Introduction To Biological Anthropology - Honors,,https://catalog.nau.edu/Courses/course?courseId=009574&term=1261
ANT,000272,ANT 102 - Exploring Cultures,,https://catalog.nau.edu/Courses/course?courseId=000272&term=1261
ANT,010324,ANT 102H - Exploring Cultures - Honors,,https://catalog.nau.edu/Courses/course?courseId=010324&term=1261
ANT,000273,ANT 103 - Culture In Communication,,https://catalog.nau.edu/Courses/course?courseId=000273&term=1261
ANT,000274,ANT 104 - Archaeology And The Global Past,,https://catalog.nau.edu/Courses/course?courseId=000274&term=1261
ANT,009575,ANT 104H - Archaeology And The Global Past - Honors,,https://catalog.nau.edu/Courses/course?courseId=009575&term=1261
ANT,009744,ANT 105 - Anthropology Today: Global Issues,,https://catalog.nau.edu/Courses/course?courseId=009744&term=1261
ANT,010032,ANT 106 - The Art Of Ancient Technology,,https://catalog.nau.edu/Courses/course?courseId=010032&term=1261
ANT,014209,"ANT 108 - The Science, Arts, And Crafts Of People",,https://catalog.nau.edu/Courses/course?courseId=014209&term=1261
ANT,000280,ANT 199 - Special Topics,,https://catalog.nau.edu/Courses/course?courseId=000280&term=1261
ANT,009686,ANT 199H - Special Topics - Honors,,https://catalog.nau.edu/Courses/course?courseId=009686&term=1261
ANT,013741,ANT 210 - Cultural Diversity In The Americas,,https://catalog.nau.edu/Courses/course?courseId=013741&term=1261
ANT,013742,ANT 217 - Archaeology In The Americas,,https://catalog.nau.edu/Courses/course?courseId=013742&term=1261
ANT,013889,ANT 220 - Research Methods In Anthropology,,https://catalog.nau.edu/Courses/course?courseId=013889&term=1261
ANT,012672,ANT 230 - Global Migration And Human Rights,,https://catalog.nau.edu/Courses/course?courseId=012672&term=1261
ANT,014208,ANT 232 - Indigenizing Museums And The Art World,,https://catalog.nau.edu/Courses/course?courseId=014208&term=1261
ANT,000291,ANT 250 - Research Methods In Archaeology,,https://catalog.nau.edu/Courses/course?courseId=000291&term=1261
ANT,009578,"ANT 253 - Aztec, Maya And Their Predecessors",,https://catalog.nau.edu/Courses/course?courseId=009578&term=1261
ANT,012094,"ANT 255 - Murder, Mayhem And Madness: The Development Of Forensic Science In Cultural And Historical Context",,https://catalog.nau.edu/Courses/course?courseId=012094&term=1261
ANT,012701,ANT 265 - Indigenous Perspectives In Anthropology,,https://catalog.nau.edu/Courses/course?courseId=012701&term=1261
ANT,000296,ANT 270 - Human Evolution,,https://catalog.nau.edu/Courses/course?courseId=000296&term=1261
ANT,000297,ANT 271 - Human Biological Variation,,https://catalog.nau.edu/Courses/course?courseId=000297&term=1261
ANT,012702,"ANT 280 - Shamans, Surgeons, And Syndromes: Global Health And Healing",,https://catalog.nau.edu/Courses/course?courseId=012702&term=1261
ANT,013199,"ANT 281 - Health Disparities, Violence, And U. S. Cultural Diversity",,https://catalog.nau.edu/Courses/course?courseId=013199&term=1261
ANT,013034,ANT 283 - Culture And Disability,,https://catalog.nau.edu/Courses/course?courseId=013034&term=1261
ANT,000299,ANT 299 - Special Topics,,https://catalog.nau.edu/Courses/course?courseId=000299&term=1261
ANT,000300,ANT 299H - Special Topics - Honors,,https://catalog.nau.edu/Courses/course?courseId=000300&term=1261
ANT,000307,ANT 306 - Peoples Of The Southwest,,https://catalog.nau.edu/Courses/course?courseId=000307&term=1261
ANT,012208,ANT 306H - Peoples Of The Southwest - Honors,,https://catalog.nau.edu/Courses/course?courseId=012208&term=1261
ANT,000311,ANT 309 - Cultural Anthropology,,https://catalog.nau.edu/Courses/course?courseId=000311&term=1261
ANT,012859,ANT 309H - Cultural Anthropology - Honors,,https://catalog.nau.edu/Courses/course?courseId=012859&term=1261
ANT,014273,"ANT 317 - Cities, States, And Empires In Archaeological Perspective",,https://catalog.nau.edu/Courses/course?courseId=014273&term=1261
ANT,000320,ANT 329 - Language In Society,,https://catalog.nau.edu/Courses/course?courseId=000320&term=1261
ANT,012461,ANT 329H - Language In Society - Honors,,https://catalog.nau.edu/Courses/course?courseId=012461&term=1261
ANT,014274,ANT 349W - Writing In Anthropology,,https://catalog.nau.edu/Courses/course?courseId=014274&term=1261
ANT,000323,ANT 350 - Ancient Civilizations: The Roots Of Cultural Diversity,,https://catalog.nau.edu/Courses/course?courseId=000323&term=1261
ANT,012223,ANT 350H - Ancient Civilizations: The Roots Of Cultural Diversity - Honors,,https://catalog.nau.edu/Courses/course?courseId=012223&term=1261
ANT,000325,ANT 351 - Southwestern Archaeology,,https://catalog.nau.edu/Courses/course?courseId=000325&term=1261
ANT,011045,ANT 351H - Southwestern Archaeology - Honors,,https://catalog.nau.edu/Courses/course?courseId=011045&term=1261
ANT,000328,ANT 359 - Archaeological Theory And Interpretation,,https://catalog.nau.edu/Courses/course?courseId=000328&term=1261
ANT,009536,ANT 365 - Public Archaeology,,https://catalog.nau.edu/Courses/course?courseId=009536&term=1261
ANT,000332,ANT 370 - Human Ecology,,https://catalog.nau.edu/Courses/course?courseId=000332&term=1261
ANT,010250,ANT 377 - Critical Perspectives Of Race And Ethnicity,,https://catalog.nau.edu/Courses/course?courseId=010250&term=1261
ANT,000336,ANT 379 - Seminar In Biological Anthropology,,https://catalog.nau.edu/Courses/course?courseId=000336&term=1261
ANT,013448,ANT 379H - Seminar In Biological Anthropology - Honors,,https://catalog.nau.edu/Courses/course?courseId=013448&term=1261
ANT,000338,ANT 389 - Cooperative Education,,https://catalog.nau.edu/Courses/course?courseId=000338&term=1261
ANT,000345,ANT 399 - Special Topics,,https://catalog.nau.edu/Courses/course?courseId=000345&term=1261
ANT,009685,ANT 399H - Special Topics - Honors,,https://catalog.nau.edu/Courses/course?courseId=009685&term=1261
ANT,000353,ANT 407C - Applying Anthropology,,https://catalog.nau.edu/Courses/course?courseId=000353&term=1261
ANT,011682,ANT 407CH - Applying Anthropology - Honors,,https://catalog.nau.edu/Courses/course?courseId=011682&term=1261
ANT,000354,ANT 408 - Fieldwork Experience,,https://catalog.nau.edu/Courses/course?courseId=000354&term=1261
ANT,012722,ANT 408H - Fieldwork Experience - Honors,,https://catalog.nau.edu/Courses/course?courseId=012722&term=1261
ANT,011114,ANT 410 - Human Osteology,,https://catalog.nau.edu/Courses/course?courseId=011114&term=1261
ANT,012756,ANT 410H - Human Osteology - Honors,,https://catalog.nau.edu/Courses/course?courseId=012756&term=1261
ANT,011769,ANT 411 - Zooarchaeology,,https://catalog.nau.edu/Courses/course?courseId=011769&term=1261
ANT,012705,ANT 412 - Bioarchaeology: The Study Of Human Remains From Archaeological Contexts,,https://catalog.nau.edu/Courses/course?courseId=012705&term=1261
ANT,011757,"ANT 430 - Forensic Archaeology: Methods, Concepts And Crime Scene Protocols",,https://catalog.nau.edu/Courses/course?courseId=011757&term=1261
ANT,014338,"ANT 433 - Food, Culture, And Society",,https://catalog.nau.edu/Courses/course?courseId=014338&term=1261
ANT,012706,ANT 444 - Forensic Art Methods: Drawing,,https://catalog.nau.edu/Courses/course?courseId=012706&term=1261
ANT,014280,ANT 455 - Political Ecology,,https://catalog.nau.edu/Courses/course?courseId=014280&term=1261
ANT,013510,"ANT 456 - The Maya: Origins, Apogee, And Decline Of A Civilization",,https://catalog.nau.edu/Courses/course?courseId=013510&term=1261
ANT,013842,"ANT 456H - The Maya: Origins, Apogee, And Decline Of A Civilization - Honors",,https://catalog.nau.edu/Courses/course?courseId=013842&term=1261
ANT,009579,ANT 460 - Applied Indigenous Archaeology,,https://catalog.nau.edu/Courses/course?courseId=009579&term=1261
ANT,014340,"ANT 464 - Ethnobiology: Exploring The Relationships Between People, Plants, And Animals",,https://catalog.nau.edu/Courses/course?courseId=014340&term=1261
ANT,010644,ANT 465 - Readings In Indigenous Anthropology,,https://catalog.nau.edu/Courses/course?courseId=010644&term=1261
ANT,010846,ANT 465H - Readings In Indigenous Anthropology - Honors,,https://catalog.nau.edu/Courses/course?courseId=010846&term=1261
ANT,014444,ANT 467 - Storytelling Matters: Publishing Knowledge In Multiple Forms,,https://catalog.nau.edu/Courses/course?courseId=014444&term=1261
ANT,014341,ANT 475 - Cultural Resource Management And Heritage Preservation,,https://catalog.nau.edu/Courses/course?courseId=014341&term=1261
ANT,000365,ANT 480 - Medical Anthropology,,https://catalog.nau.edu/Courses/course?courseId=000365&term=1261
ANT,000366,ANT 485 - Undergraduate Research,,https://catalog.nau.edu/Courses/course?courseId=000366&term=1261
ANT,013394,ANT 485H - Undergraduate Research - Honors,,https://catalog.nau.edu/Courses/course?courseId=013394&term=1261
ANT,000367,ANT 497 - Independent Study,,https://catalog.nau.edu/Courses/course?courseId=000367&term=1261
ANT,000370,ANT 499 - Contemporary Developments,,https://catalog.nau.edu/Courses/course?courseId=000370&term=1261
ANT,009529,ANT 501 - Food And Culture,,https://catalog.nau.edu/Courses/course?courseId=009529&term=1261
ANT,000410,ANT 502 - Southwest Ethnology: Pueblo,,https://catalog.nau.edu/Courses/course?courseId=000410&term=1261
ANT,013035,"ANT 507 - Symbol, Myth, And Ritual: Anthropological Approaches",,https://catalog.nau.edu/Courses/course?courseId=013035&term=1261
ANT,011770,ANT 509 - Spatial Archaeology,,https://catalog.nau.edu/Courses/course?courseId=011770&term=1261
ANT,000372,ANT 511 - Introduction To Anthropological Fieldwork,,https://catalog.nau.edu/Courses/course?courseId=000372&term=1261
ANT,010086,"ANT 514 - Text, Talk And Image Lab",,https://catalog.nau.edu/Courses/course?courseId=010086&term=1261
ANT,000376,ANT 517 - Southwestern Archaeology,,https://catalog.nau.edu/Courses/course?courseId=000376&term=1261
ANT,012298,ANT 520 - Ethics In Anthropological Research,,https://catalog.nau.edu/Courses/course?courseId=012298&term=1261
ANT,010418,"ANT 521 - Research Ethics, Community Research, And Vulnerable Populations",,https://catalog.nau.edu/Courses/course?courseId=010418&term=1261
ANT,010419,ANT 522 - Research Ethics In Cross-cultural And International Contexts,,https://catalog.nau.edu/Courses/course?courseId=010419&term=1261
ANT,012299,ANT 536 - Cultural Resource Management And Federal Indian Law,,https://catalog.nau.edu/Courses/course?courseId=012299&term=1261
ANT,012300,ANT 537 - International Heritage Management,,https://catalog.nau.edu/Courses/course?courseId=012300&term=1261
ANT,000386,ANT 548 - Anthropology Of Development,,https://catalog.nau.edu/Courses/course?courseId=000386&term=1261
ANT,000392,ANT 555 - Lithic Analysis,,https://catalog.nau.edu/Courses/course?courseId=000392&term=1261
ANT,000393,ANT 556 - Anthropology Of Gender,,https://catalog.nau.edu/Courses/course?courseId=000393&term=1261
ANT,009563,ANT 559 - Indigenous Perspectives In Cultural Resource Management,,https://catalog.nau.edu/Courses/course?courseId=009563&term=1261
ANT,013441,ANT 560 - Cultural Resource Management In The United States,,https://catalog.nau.edu/Courses/course?courseId=013441&term=1261
ANT,014445,ANT 567 - Storytelling Matters: Publishing Knowledge In Multiple Forms,,https://catalog.nau.edu/Courses/course?courseId=014445&term=1261
ANT,000394,ANT 568 - Quantitative Research Methods,,https://catalog.nau.edu/Courses/course?courseId=000394&term=1261
ANT,000395,ANT 569 - Ethnographic Research Methods,,https://catalog.nau.edu/Courses/course?courseId=000395&term=1261
ANT,000397,ANT 580 - Medical Anthropology,,https://catalog.nau.edu/Courses/course?courseId=000397&term=1261
ANT,000398,"ANT 581 - Language, Power And Medicine",,https://catalog.nau.edu/Courses/course?courseId=000398&term=1261
ANT,000400,ANT 597 - Reading For Comprehensive Exam,,https://catalog.nau.edu/Courses/course?courseId=000400&term=1261
ANT,000401,ANT 599 - Contemporary Developments,,https://catalog.nau.edu/Courses/course?courseId=000401&term=1261
ANT,000402,ANT 600 - Anthropological Theory,,https://catalog.nau.edu/Courses/course?courseId=000402&term=1261
ANT,000403,ANT 603 - Applied Anthropology,,https://catalog.nau.edu/Courses/course?courseId=000403&term=1261
ANT,000404,ANT 605 - Pre-thesis Seminar,,https://catalog.nau.edu/Courses/course?courseId=000404&term=1261
ANT,013036,ANT 606 - Anthropology Writing Seminar,,https://catalog.nau.edu/Courses/course?courseId=013036&term=1261
ANT,000405,ANT 607 - Pre-internship Seminar,,https://catalog.nau.edu/Courses/course?courseId=000405&term=1261
ANT,000406,ANT 608 - Fieldwork Experience,,https://catalog.nau.edu/Courses/course?courseId=000406&term=1261
ANT,000407,ANT 609 - Post-internship Seminar,,https://catalog.nau.edu/Courses/course?courseId=000407&term=1261
ANT,012533,ANT 621 - Nutritional Anthropology,,https://catalog.nau.edu/Courses/course?courseId=012533&term=1261
ANT,012534,ANT 622 - Anthropological Perspectives On Human Growth And Development,,https://catalog.nau.edu/Courses/course?courseId=012534&term=1261
ANT,012535,"ANT 623 - Space, Place, And Health",,https://catalog.nau.edu/Courses/course?courseId=012535&term=1261
ANT,012536,"ANT 624 - Anthropology Of Science, Technology, And The Biomedical Production Of ""Normal""",,https://catalog.nau.edu/Courses/course?courseId=012536&term=1261
ANT,000415,ANT 635 - Archaeological Theory,,https://catalog.nau.edu/Courses/course?courseId=000415&term=1261
ANT,000416,ANT 636 - Archaeological Methods And Inference,,https://catalog.nau.edu/Courses/course?courseId=000416&term=1261
ANT,000418,ANT 639 - Anthropology Of American Culture,,https://catalog.nau.edu/Courses/course?courseId=000418&term=1261
ANT,000425,ANT 685 - Graduate Research,,https://catalog.nau.edu/Courses/course?courseId=000425&term=1261
ANT,013053,ANT 687 - Professional Development Seminar,,https://catalog.nau.edu/Courses/course?courseId=013053&term=1261
ANT,000426,ANT 697 - Independent Study,,https://catalog.nau.edu/Courses/course?courseId=000426&term=1261
ANT,000427,ANT 698 - Graduate Seminar,,https://catalog.nau.edu/Courses/course?courseId=000427&term=1261
ANT,000428,ANT 699 - Thesis,,https://catalog.nau.edu/Courses/course?courseId=000428&term=1261
GER,003569,GER 101 - First Year German,,https://catalog.nau.edu/Courses/course?courseId=003569&term=1261
GER,003570,GER 102 - First Year German,,https://catalog.nau.edu/Courses/course?courseId=003570&term=1261
GER,014315,GER 105 - Accelerated First Year German,,https://catalog.nau.edu/Courses/course?courseId=014315&term=1261
GER,003572,GER 199 - Special Topics,,https://catalog.nau.edu/Courses/course?courseId=003572&term=1261
GER,003573,GER 201 - Second Year German,,https://catalog.nau.edu/Courses/course?courseId=003573&term=1261
GER,009832,GER 201H - Second Year German - Honors,,https://catalog.nau.edu/Courses/course?courseId=009832&term=1261
GER,003574,GER 202 - Second Year German,,https://catalog.nau.edu/Courses/course?courseId=003574&term=1261
GER,009938,GER 202H - Second Year German - Honors,,https://catalog.nau.edu/Courses/course?courseId=009938&term=1261
GER,003575,GER 223 - German Study Abroad,,https://catalog.nau.edu/Courses/course?courseId=003575&term=1261
GER,003576,GER 299 - Special Topics,,https://catalog.nau.edu/Courses/course?courseId=003576&term=1261
GER,003577,GER 303 - Intermediate Grammar And Composition,,https://catalog.nau.edu/Courses/course?courseId=003577&term=1261
GER,003579,GER 304W - Intermediate Grammar And Composition,,https://catalog.nau.edu/Courses/course?courseId=003579&term=1261
GER,009682,GER 305 - Introduction To German Culture And Civilization,,https://catalog.nau.edu/Courses/course?courseId=009682&term=1261
GER,012852,GER 310 - Professional Communication In German,,https://catalog.nau.edu/Courses/course?courseId=012852&term=1261
GER,003581,GER 323 - Intermediate Study Abroad,,https://catalog.nau.edu/Courses/course?courseId=003581&term=1261
GER,003582,GER 389 - Cooperative Education,,https://catalog.nau.edu/Courses/course?courseId=003582&term=1261
GER,003584,GER 399 - Special Topics,,https://catalog.nau.edu/Courses/course?courseId=003584&term=1261
GER,012072,GER 399H - Special Topics - Honors,,https://catalog.nau.edu/Courses/course?courseId=012072&term=1261
GER,003592,GER 408 - Fieldwork Experience,,https://catalog.nau.edu/Courses/course?courseId=003592&term=1261
GER,012773,GER 408H - Fieldwork Experience - Honors,,https://catalog.nau.edu/Courses/course?courseId=012773&term=1261
GER,003597,GER 423 - Advanced Study Abroad,,https://catalog.nau.edu/Courses/course?courseId=003597&term=1261
GER,009939,GER 423H - Adv Study Abroad - Honors,,https://catalog.nau.edu/Courses/course?courseId=009939&term=1261
GER,003600,GER 485 - Undergraduate Research,,https://catalog.nau.edu/Courses/course?courseId=003600&term=1261
GER,010842,GER 485H - Undergraduate Research - Honors,,https://catalog.nau.edu/Courses/course?courseId=010842&term=1261
GER,010890,GER 495C - Supervised Teaching: Secondary,,https://catalog.nau.edu/Courses/course?courseId=010890&term=1261
GER,003601,GER 497 - Independent Study,,https://catalog.nau.edu/Courses/course?courseId=003601&term=1261
GER,011342,GER 497H - Independent Study - Honors,,https://catalog.nau.edu/Courses/course?courseId=011342&term=1261
GER,003603,GER 499 - Contemporary Developments,,https://catalog.nau.edu/Courses/course?courseId=003603&term=1261
GER,010845,GER 499H - Contemporary Developments - Honors,,https://catalog.nau.edu/Courses/course?courseId=010845&term=1261
GER,003604,GER 597 - Reading For Comprehensive Exam,,https://catalog.nau.edu/Courses/course?courseId=003604&term=1261
FRE,003469,FRE 101 - First Year French,,https://catalog.nau.edu/Courses/course?courseId=003469&term=1261
FRE,003470,FRE 102 - First Year French,,https://catalog.nau.edu/Courses/course?courseId=003470&term=1261
FRE,013516,FRE 105 - French For Advanced Beginners,,https://catalog.nau.edu/Courses/course?courseId=013516&term=1261
FRE,014046,FRE 150 - Exploring The Francophone World,,https://catalog.nau.edu/Courses/course?courseId=014046&term=1261
FRE,003472,FRE 199 - Special Topics,,https://catalog.nau.edu/Courses/course?courseId=003472&term=1261
FRE,003473,FRE 201 - Second Year French,,https://catalog.nau.edu/Courses/course?courseId=003473&term=1261
FRE,003474,FRE 202 - Second Year French,,https://catalog.nau.edu/Courses/course?courseId=003474&term=1261
FRE,009677,FRE 202H - Second Year French - Honors,,https://catalog.nau.edu/Courses/course?courseId=009677&term=1261
FRE,003475,FRE 223 - French Study Abroad,,https://catalog.nau.edu/Courses/course?courseId=003475&term=1261
FRE,003476,FRE 299 - Special Topics,,https://catalog.nau.edu/Courses/course?courseId=003476&term=1261
FRE,012264,FRE 301 - Advanced French Grammar,,https://catalog.nau.edu/Courses/course?courseId=012264&term=1261
FRE,012265,FRE 302 - French Phonetics And Pronunciation,,https://catalog.nau.edu/Courses/course?courseId=012265&term=1261
FRE,003477,FRE 303 - French Conversation,,https://catalog.nau.edu/Courses/course?courseId=003477&term=1261
FRE,003480,FRE 304W - Intermediate French Composition,,https://catalog.nau.edu/Courses/course?courseId=003480&term=1261
FRE,011449,FRE 304WH - Intermediate French Composition - Honors,,https://catalog.nau.edu/Courses/course?courseId=011449&term=1261
FRE,012266,FRE 309W - French For Specific Professions,,https://catalog.nau.edu/Courses/course?courseId=012266&term=1261
FRE,012759,FRE 309WH - French For Science And Engineering Professions - Honors,,https://catalog.nau.edu/Courses/course?courseId=012759&term=1261
FRE,012282,FRE 310 - Professional French,,https://catalog.nau.edu/Courses/course?courseId=012282&term=1261
FRE,013708,FRE 320 - Introduction To French Drama,,https://catalog.nau.edu/Courses/course?courseId=013708&term=1261
FRE,003481,FRE 321 - Survey Of French Literature: Middle Ages To Eighteenth Century,,https://catalog.nau.edu/Courses/course?courseId=003481&term=1261
FRE,003483,FRE 323 - Intermediate Study Abroad,,https://catalog.nau.edu/Courses/course?courseId=003483&term=1261
FRE,009678,FRE 323H - Intermediate Study Abroad - Honors,,https://catalog.nau.edu/Courses/course?courseId=009678&term=1261
FRE,003484,FRE 389 - Cooperative Education,,https://catalog.nau.edu/Courses/course?courseId=003484&term=1261
FRE,003486,FRE 399 - Special Topics,,https://catalog.nau.edu/Courses/course?courseId=003486&term=1261
FRE,012443,FRE 399H - Special Topics - Honors,,https://catalog.nau.edu/Courses/course?courseId=012443&term=1261
FRE,003487,FRE 401 - French For Special Purposes,,https://catalog.nau.edu/Courses/course?courseId=003487&term=1261
FRE,003489,FRE 403 - Advanced French Conversation,,https://catalog.nau.edu/Courses/course?courseId=003489&term=1261
FRE,003491,FRE 404 - Advanced French Composition,,https://catalog.nau.edu/Courses/course?courseId=003491&term=1261
FRE,012940,FRE 407 - Francophone Cultures,,https://catalog.nau.edu/Courses/course?courseId=012940&term=1261
FRE,003495,FRE 408 - Fieldwork Experiene,,https://catalog.nau.edu/Courses/course?courseId=003495&term=1261
FRE,012774,FRE 408H - Fieldwork Experience - Honors,,https://catalog.nau.edu/Courses/course?courseId=012774&term=1261
FRE,003503,FRE 423 - Advanced Study Abroad,,https://catalog.nau.edu/Courses/course?courseId=003503&term=1261
FRE,011995,FRE 423H - Advanced Study Abroad - Honors,,https://catalog.nau.edu/Courses/course?courseId=011995&term=1261
FRE,003505,FRE 485 - Undergraduate Research,,https://catalog.nau.edu/Courses/course?courseId=003505&term=1261
FRE,003506,FRE 485C - Undergraduate Research,,https://catalog.nau.edu/Courses/course?courseId=003506&term=1261
FRE,010889,FRE 495C - Supervised Teaching: Secondary,,https://catalog.nau.edu/Courses/course?courseId=010889&term=1261
FRE,003507,FRE 497 - Independent Study,,https://catalog.nau.edu/Courses/course?courseId=003507&term=1261
FRE,012325,FRE 497H - Independent Study - Honors,,https://catalog.nau.edu/Courses/course?courseId=012325&term=1261
FRE,003509,FRE 499 - Contemporary Developments,,https://catalog.nau.edu/Courses/course?courseId=003509&term=1261
SPA,007904,SPA 101 - First Year Spanish,,https://catalog.nau.edu/Courses/course?courseId=007904&term=1261
SPA,007905,SPA 101H - First Year Spanish - Honors,,https://catalog.nau.edu/Courses/course?courseId=007905&term=1261
SPA,007906,SPA 102 - First Year Spanish,,https://catalog.nau.edu/Courses/course?courseId=007906&term=1261
SPA,007907,SPA 102H - First Year Spanish - Honors,,https://catalog.nau.edu/Courses/course?courseId=007907&term=1261
SPA,007911,SPA 199 - Special Topics,,https://catalog.nau.edu/Courses/course?courseId=007911&term=1261
SPA,007912,SPA 201 - Second Year Spanish,,https://catalog.nau.edu/Courses/course?courseId=007912&term=1261
SPA,007913,SPA 201H - Second Year Spanish - Honors,,https://catalog.nau.edu/Courses/course?courseId=007913&term=1261
SPA,007914,SPA 202 - Second Year Spanish,,https://catalog.nau.edu/Courses/course?courseId=007914&term=1261
SPA,007915,SPA 202H - Second Year Spanish - Honors,,https://catalog.nau.edu/Courses/course?courseId=007915&term=1261
SPA,014326,SPA 209 - Spanish For Health Professions I,,https://catalog.nau.edu/Courses/course?courseId=014326&term=1261
SPA,014333,SPA 209H - Spanish For Health Professions I - Honors,,https://catalog.nau.edu/Courses/course?courseId=014333&term=1261
SPA,014327,SPA 210 - Spanish For Health Professions II,,https://catalog.nau.edu/Courses/course?courseId=014327&term=1261
SPA,014336,SPA 210H - Spanish For Health Professions II - Honors,,https://catalog.nau.edu/Courses/course?courseId=014336&term=1261
SPA,007921,SPA 223 - Spanish Study Abroad,,https://catalog.nau.edu/Courses/course?courseId=007921&term=1261
SPA,007923,SPA 299 - Special Topics,,https://catalog.nau.edu/Courses/course?courseId=007923&term=1261
SPA,007941,SPA 301 - Spanish Grammar In Context,,https://catalog.nau.edu/Courses/course?courseId=007941&term=1261
SPA,011669,SPA 301H - Spanish Grammar In Context - Honors,,https://catalog.nau.edu/Courses/course?courseId=011669&term=1261
SPA,007924,SPA 303 - Spanish For Everyday Conversation,,https://catalog.nau.edu/Courses/course?courseId=007924&term=1261
SPA,012206,SPA 303H - Spanish For Everyday Conversation - Honors,,https://catalog.nau.edu/Courses/course?courseId=012206&term=1261
SPA,007927,SPA 304W - Spanish Communication Through Writing,,https://catalog.nau.edu/Courses/course?courseId=007927&term=1261
SPA,012061,SPA 304WH - Spanish Communication Through Writing - Honors,,https://catalog.nau.edu/Courses/course?courseId=012061&term=1261
SPA,013418,SPA 309 - Spanish For The Health Sciences,,https://catalog.nau.edu/Courses/course?courseId=013418&term=1261
SPA,014616,SPA 309H - Spanish For The Health Sciences - Honors,,https://catalog.nau.edu/Courses/course?courseId=014616&term=1261
SPA,007928,SPA 310 - Commercial Spanish,,https://catalog.nau.edu/Courses/course?courseId=007928&term=1261
SPA,007929,SPA 311 - Spanish For Native Speakers,,https://catalog.nau.edu/Courses/course?courseId=007929&term=1261
SPA,007932,SPA 312W - Spanish Composition For Native Speakers,,https://catalog.nau.edu/Courses/course?courseId=007932&term=1261
SPA,012876,SPA 312WH - Spanish Composition For Native Speakers - Honors,,https://catalog.nau.edu/Courses/course?courseId=012876&term=1261
SPA,007933,SPA 321 - Introduction To Literature In Spanish,,https://catalog.nau.edu/Courses/course?courseId=007933&term=1261
SPA,011671,SPA 321H - Introduction To Literature In Spanish - Honors,,https://catalog.nau.edu/Courses/course?courseId=011671&term=1261
SPA,007934,SPA 322 - Hispanic Drama,,https://catalog.nau.edu/Courses/course?courseId=007934&term=1261
SPA,007935,SPA 323 - Intermediate Study Abroad,,https://catalog.nau.edu/Courses/course?courseId=007935&term=1261
SPA,009508,SPA 323H - Intermediate Study Abroad - Honors,,https://catalog.nau.edu/Courses/course?courseId=009508&term=1261
SPA,007937,SPA 340 - Spanish Linguistics,,https://catalog.nau.edu/Courses/course?courseId=007937&term=1261
SPA,012744,SPA 340H - Spanish Linguistics - Honors,,https://catalog.nau.edu/Courses/course?courseId=012744&term=1261
SPA,010607,SPA 341 - Spanish Applied Linguistics,,https://catalog.nau.edu/Courses/course?courseId=010607&term=1261
SPA,011966,SPA 341H - Spanish Applied Linguistics - Honors,,https://catalog.nau.edu/Courses/course?courseId=011966&term=1261
SPA,007938,SPA 351 - Survey Of Peninsular Spanish Literature,,https://catalog.nau.edu/Courses/course?courseId=007938&term=1261
SPA,013399,SPA 351H - Survey Of Peninsular Spanish Literature - Honors,,https://catalog.nau.edu/Courses/course?courseId=013399&term=1261
SPA,007939,SPA 352 - Survey Of Spanish-american Literature,,https://catalog.nau.edu/Courses/course?courseId=007939&term=1261
SPA,010362,SPA 352H - Survey Of Spanish-american Literature - Honors,,https://catalog.nau.edu/Courses/course?courseId=010362&term=1261
SPA,007940,SPA 353 - Chicano And U. S. Latino Literature,,https://catalog.nau.edu/Courses/course?courseId=007940&term=1261
SPA,010499,SPA 354 - Survey Of Latin American Film,,https://catalog.nau.edu/Courses/course?courseId=010499&term=1261
SPA,011745,SPA 354H - Survey Of Latin American Film - Honors,,https://catalog.nau.edu/Courses/course?courseId=011745&term=1261
SPA,007942,SPA 389 - Cooperative Education,,https://catalog.nau.edu/Courses/course?courseId=007942&term=1261
SPA,007944,SPA 399 - Special Topics,,https://catalog.nau.edu/Courses/course?courseId=007944&term=1261
SPA,013465,SPA 399H - Special Topics - Honors,,https://catalog.nau.edu/Courses/course?courseId=013465&term=1261
SPA,007946,SPA 404 - Advanced Composition And Oral Expression,,https://catalog.nau.edu/Courses/course?courseId=007946&term=1261
SPA,011340,SPA 404H - Advanced Composition And Oral Expression - Honors,,https://catalog.nau.edu/Courses/course?courseId=011340&term=1261
SPA,007947,SPA 405 - Culture And Civilization Of Spain,,https://catalog.nau.edu/Courses/course?courseId=007947&term=1261
SPA,007948,SPA 406 - Spanish-american Culture And Civilization,,https://catalog.nau.edu/Courses/course?courseId=007948&term=1261
SPA,010433,SPA 406H - Spanish-american Culture And Civilization - Honors,,https://catalog.nau.edu/Courses/course?courseId=010433&term=1261
SPA,012663,SPA 407 - U. S. Latino Cultures,,https://catalog.nau.edu/Courses/course?courseId=012663&term=1261
SPA,007949,SPA 408 - Field Work Experience,,https://catalog.nau.edu/Courses/course?courseId=007949&term=1261
SPA,012472,SPA 408H - Field Work Experience - Honors,,https://catalog.nau.edu/Courses/course?courseId=012472&term=1261
SPA,007952,SPA 423 - Advanced Study Abroad,,https://catalog.nau.edu/Courses/course?courseId=007952&term=1261
SPA,009572,SPA 423H - Advanced Study Abroad - Honors,,https://catalog.nau.edu/Courses/course?courseId=009572&term=1261
SPA,007955,SPA 451C - Topics In Peninsular Spanish Literature,,https://catalog.nau.edu/Courses/course?courseId=007955&term=1261
SPA,012034,SPA 451CH - Topics In Peninsular Spanish Literature - Honors,,https://catalog.nau.edu/Courses/course?courseId=012034&term=1261
SPA,007957,SPA 452C - Topics In Spanish-american Literature,,https://catalog.nau.edu/Courses/course?courseId=007957&term=1261
SPA,011670,SPA 452CH - Topics In Spanish-american Literature - Honors,,https://catalog.nau.edu/Courses/course?courseId=011670&term=1261
SPA,007959,SPA 460C - Topics In Spanish Linguistics,,https://catalog.nau.edu/Courses/course?courseId=007959&term=1261
SPA,007960,SPA 466 - Legislative Or The Washington Center Internship,,https://catalog.nau.edu/Courses/course?courseId=007960&term=1261
SPA,007962,SPA 480C - Theory And Practice Of Translation,,https://catalog.nau.edu/Courses/course?courseId=007962&term=1261
SPA,012872,SPA 480CH - Theory And Practice Of Translation - Honors,,https://catalog.nau.edu/Courses/course?courseId=012872&term=1261
SPA,007965,SPA 485 - Undergraduate Research,,https://catalog.nau.edu/Courses/course?courseId=007965&term=1261
SPA,010894,SPA 495C - Supervised Teaching: Secondary,,https://catalog.nau.edu/Courses/course?courseId=010894&term=1261
SPA,007970,SPA 497 - Independent Study,,https://catalog.nau.edu/Courses/course?courseId=007970&term=1261
SPA,009679,SPA 497H - Independent Study - Honors,,https://catalog.nau.edu/Courses/course?courseId=009679&term=1261
SPA,007972,SPA 499 - Contemporary Developments,,https://catalog.nau.edu/Courses/course?courseId=007972&term=1261
SPA,009594,SPA 511 - Methods Of Spanish Instruction,,https://catalog.nau.edu/Courses/course?courseId=009594&term=1261
SPA,009595,SPA 512 - Media And Technology In Spanish Language Instruction,,https://catalog.nau.edu/Courses/course?courseId=009595&term=1261
SPA,009596,SPA 513 - Curriculum Design,,https://catalog.nau.edu/Courses/course?courseId=009596&term=1261
SPA,009597,SPA 514 - Testing And Classroom Assessment,,https://catalog.nau.edu/Courses/course?courseId=009597&term=1261
SPA,010416,SPA 516 - Topics In Spanish Pedagogy,,https://catalog.nau.edu/Courses/course?courseId=010416&term=1261
SPA,009599,SPA 531 - Hispanic Writers In The United States,,https://catalog.nau.edu/Courses/course?courseId=009599&term=1261
SPA,009600,SPA 532 - Hispanic Theater,,https://catalog.nau.edu/Courses/course?courseId=009600&term=1261
SPA,009601,SPA 533 - Topics In Spanish Literature,,https://catalog.nau.edu/Courses/course?courseId=009601&term=1261
SPA,009602,SPA 534 - Topics In Latin American Literature,,https://catalog.nau.edu/Courses/course?courseId=009602&term=1261
SPA,009603,SPA 551 - Structures Of Modern Spanish,,https://catalog.nau.edu/Courses/course?courseId=009603&term=1261
SPA,009604,SPA 552 - Phonetics And Phonology Of Spanish,,https://catalog.nau.edu/Courses/course?courseId=009604&term=1261
SPA,009605,SPA 553 - Sociolinguistics And Dialectology And The Spanish Classroom,,https://catalog.nau.edu/Courses/course?courseId=009605&term=1261
SPA,009606,SPA 554 - The Acquisition Of Spanish,,https://catalog.nau.edu/Courses/course?courseId=009606&term=1261
SPA,010417,SPA 555 - Topics In Spanish Linguistics,,https://catalog.nau.edu/Courses/course?courseId=010417&term=1261
SPA,007977,SPA 593 - Public School In-service Workshop,,https://catalog.nau.edu/Courses/course?courseId=007977&term=1261
SPA,010896,SPA 595 - Internship: Secondary,,https://catalog.nau.edu/Courses/course?courseId=010896&term=1261
SPA,007978,SPA 599 - Contemporary Developments,,https://catalog.nau.edu/Courses/course?courseId=007978&term=1261
SPA,009901,SPA 601 - Spanish Teaching Assistantship Practicum,,https://catalog.nau.edu/Courses/course?courseId=009901&term=1261
SPA,007979,SPA 608 - Fieldwork Experience,,https://catalog.nau.edu/Courses/course?courseId=007979&term=1261
SPA,007981,SPA 685 - Graduate Research,,https://catalog.nau.edu/Courses/course?courseId=007981&term=1261
SPA,009607,SPA 689 - Spanish Mat Capstone Project,,https://catalog.nau.edu/Courses/course?courseId=009607&term=1261
SPA,007982,SPA 697 - Independent Study,,https://catalog.nau.edu/Courses/course?courseId=007982&term=1261
SPA,007983,SPA 698 - Graduate Seminar,,https://catalog.nau.edu/Courses/course?courseId=007983&term=1261
SPA,007984,SPA 699 - Thesis,,https://catalog.nau.edu/Courses/course?courseId=007984&term=1261
POS,006809,POS 100 - Introduction To Politics,,https://catalog.nau.edu/Courses/course?courseId=006809&term=1261
POS,010215,POS 101 - The Global Village,,https://catalog.nau.edu/Courses/course?courseId=010215&term=1261
POS,006804,POS 110 - American Politics And Institutions,,https://catalog.nau.edu/Courses/course?courseId=006804&term=1261
POS,006805,POS 120 - World Politics,,https://catalog.nau.edu/Courses/course?courseId=006805&term=1261
POS,006808,POS 199 - Special Topics,,https://catalog.nau.edu/Courses/course?courseId=006808&term=1261
POS,006811,POS 220 - Federal And Arizona Constitution,,https://catalog.nau.edu/Courses/course?courseId=006811&term=1261
POS,006812,POS 224 - Public Administration,,https://catalog.nau.edu/Courses/course?courseId=006812&term=1261
POS,006813,POS 230 - Current Issues Politics,,https://catalog.nau.edu/Courses/course?courseId=006813&term=1261
POS,006814,POS 230H - Current Issues In Politics - Honors,,https://catalog.nau.edu/Courses/course?courseId=006814&term=1261
POS,006810,POS 236 - Governments Of Indigenous Nations Of The United States,,https://catalog.nau.edu/Courses/course?courseId=006810&term=1261
POS,006817,POS 241 - State And Local Politics,,https://catalog.nau.edu/Courses/course?courseId=006817&term=1261
POS,006818,POS 250 - Introduction To Public Policy Making,,https://catalog.nau.edu/Courses/course?courseId=006818&term=1261
POS,006819,POS 254 - Political Ideologies,,https://catalog.nau.edu/Courses/course?courseId=006819&term=1261
POS,006851,POS 260 - Comparative Politics,,https://catalog.nau.edu/Courses/course?courseId=006851&term=1261
POS,006821,POS 299 - Special Topics,,https://catalog.nau.edu/Courses/course?courseId=006821&term=1261
POS,006824,POS 301W - Topics In Political Science,,https://catalog.nau.edu/Courses/course?courseId=006824&term=1261
POS,010766,POS 301WH - Topics In Political Science - Honors,,https://catalog.nau.edu/Courses/course?courseId=010766&term=1261
POS,006825,POS 303 - Social Science Research,,https://catalog.nau.edu/Courses/course?courseId=006825&term=1261
POS,013362,POS 304 - Understanding Political Inquiry,,https://catalog.nau.edu/Courses/course?courseId=013362&term=1261
POS,013829,POS 304H - Understanding Political Inquiry - Honors,,https://catalog.nau.edu/Courses/course?courseId=013829&term=1261
POS,013363,POS 305 - Conducting Political Analysis,,https://catalog.nau.edu/Courses/course?courseId=013363&term=1261
POS,006875,POS 312 - Campaigns And Elections,,https://catalog.nau.edu/Courses/course?courseId=006875&term=1261
POS,009537,POS 313 - American Political Parties And Interest Groups,,https://catalog.nau.edu/Courses/course?courseId=009537&term=1261
POS,006827,POS 314 - Political Participation,,https://catalog.nau.edu/Courses/course?courseId=006827&term=1261
POS,006829,POS 315 - The American Presidency,,https://catalog.nau.edu/Courses/course?courseId=006829&term=1261
POS,014602,POS 315H - The American Presidency - Honors,,https://catalog.nau.edu/Courses/course?courseId=014602&term=1261
POS,006831,POS 316 - Congressional Politics,,https://catalog.nau.edu/Courses/course?courseId=006831&term=1261
POS,012463,POS 316H - Congressional Politics - Honors,,https://catalog.nau.edu/Courses/course?courseId=012463&term=1261
POS,006833,POS 317 - Judicial Politics,,https://catalog.nau.edu/Courses/course?courseId=006833&term=1261
POS,013716,POS 318 - American Trial Procedure And Legal Reasoning,,https://catalog.nau.edu/Courses/course?courseId=013716&term=1261
POS,014136,POS 318H - American Trial Procedure And Legal Reasoning - Honors,,https://catalog.nau.edu/Courses/course?courseId=014136&term=1261
POS,006837,POS 325 - Human Resource Management,,https://catalog.nau.edu/Courses/course?courseId=006837&term=1261
POS,006838,POS 326 - Public Organization Theory,,https://catalog.nau.edu/Courses/course?courseId=006838&term=1261
POS,006839,POS 327 - Government Budgeting,,https://catalog.nau.edu/Courses/course?courseId=006839&term=1261
POS,014356,POS 333 - The Politics Of Human Rights,,https://catalog.nau.edu/Courses/course?courseId=014356&term=1261
POS,006840,POS 335 - Political Economy,,https://catalog.nau.edu/Courses/course?courseId=006840&term=1261
POS,006834,POS 336 - Indigenous Politics: Social And Political Movements,,https://catalog.nau.edu/Courses/course?courseId=006834&term=1261
POS,006841,POS 344 - Environmental Movements,,https://catalog.nau.edu/Courses/course?courseId=006841&term=1261
POS,006843,POS 351 - Classical And Medieval Political Thought,,https://catalog.nau.edu/Courses/course?courseId=006843&term=1261
POS,010634,POS 351H - Classical And Medieval Political Thought - Honors,,https://catalog.nau.edu/Courses/course?courseId=010634&term=1261
POS,006844,POS 352 - Modern Political Thought,,https://catalog.nau.edu/Courses/course?courseId=006844&term=1261
POS,009879,POS 352H - Modern Political Thought - Honors,,https://catalog.nau.edu/Courses/course?courseId=009879&term=1261
POS,006845,POS 353 - Contemporary Political Thought,,https://catalog.nau.edu/Courses/course?courseId=006845&term=1261
POS,012059,POS 353H - Contemporary Political Thought - Honors,,https://catalog.nau.edu/Courses/course?courseId=012059&term=1261
POS,006847,"POS 355 - Women, Power And Politics",,https://catalog.nau.edu/Courses/course?courseId=006847&term=1261
POS,006848,"POS 356 - Race, Power And Politics",,https://catalog.nau.edu/Courses/course?courseId=006848&term=1261
POS,010768,"POS 356H - Race, Power & Politics - Honors",,https://catalog.nau.edu/Courses/course?courseId=010768&term=1261
POS,006849,POS 357 - Topics In Cultural Diversity,,https://catalog.nau.edu/Courses/course?courseId=006849&term=1261
POS,010502,POS 358 - Critical Race Theory,,https://catalog.nau.edu/Courses/course?courseId=010502&term=1261
POS,013591,POS 358H - Critical Race Theory - Honors,,https://catalog.nau.edu/Courses/course?courseId=013591&term=1261
POS,006850,POS 359 - Environmental Policy,,https://catalog.nau.edu/Courses/course?courseId=006850&term=1261
POS,012445,POS 359H - Environmental Policy - Honors,,https://catalog.nau.edu/Courses/course?courseId=012445&term=1261
POS,006852,POS 361 - Politics Of Developing Nations,,https://catalog.nau.edu/Courses/course?courseId=006852&term=1261
POS,010767,POS 361H - Politics Of Developing Nations - Honors,,https://catalog.nau.edu/Courses/course?courseId=010767&term=1261
POS,006854,POS 362 - Studies In Western European Politics,,https://catalog.nau.edu/Courses/course?courseId=006854&term=1261
POS,009836,POS 362H - Studies In Western European Politics - Honors,,https://catalog.nau.edu/Courses/course?courseId=009836&term=1261
POS,006855,POS 364 - Studies In Russian And Central European Politics,,https://catalog.nau.edu/Courses/course?courseId=006855&term=1261
POS,010810,POS 364H - Studies In Russian And Central European Politics - Honors,,https://catalog.nau.edu/Courses/course?courseId=010810&term=1261
POS,006856,POS 366 - Studies In Latin American Politics,,https://catalog.nau.edu/Courses/course?courseId=006856&term=1261
POS,006858,POS 370 - Studies In Asian Politics,,https://catalog.nau.edu/Courses/course?courseId=006858&term=1261
POS,006889,POS 372 - Studies In Middle Eastern Politics,,https://catalog.nau.edu/Courses/course?courseId=006889&term=1261
POS,010769,POS 372H - Studies In Middle Eastern Politics - Honors,,https://catalog.nau.edu/Courses/course?courseId=010769&term=1261
POS,006859,POS 374 - Studies In African Politics,,https://catalog.nau.edu/Courses/course?courseId=006859&term=1261
POS,012465,POS 374H - Studies In African Politics - Honors,,https://catalog.nau.edu/Courses/course?courseId=012465&term=1261
POS,010825,POS 378 - United Nations: Modeling Diplomacy,,https://catalog.nau.edu/Courses/course?courseId=010825&term=1261
POS,006861,POS 380 - Advanced International Politics,,https://catalog.nau.edu/Courses/course?courseId=006861&term=1261
POS,006862,POS 389 - Cooperative Education,,https://catalog.nau.edu/Courses/course?courseId=006862&term=1261
POS,006864,POS 399 - Special Topics,,https://catalog.nau.edu/Courses/course?courseId=006864&term=1261
POS,010978,POS 399H - Special Topics - Honors,,https://catalog.nau.edu/Courses/course?courseId=010978&term=1261
POS,014517,POS 405 - Introduction Of Election Administration,,https://catalog.nau.edu/Courses/course?courseId=014517&term=1261
POS,014518,POS 406 - Voter Registration To Canvassing,,https://catalog.nau.edu/Courses/course?courseId=014518&term=1261
POS,014519,POS 407 - Best Practices In Elections,,https://catalog.nau.edu/Courses/course?courseId=014519&term=1261
POS,006866,POS 408 - Fieldwork Experience,,https://catalog.nau.edu/Courses/course?courseId=006866&term=1261
POS,013593,POS 408H - Fieldwork Experience - Honors,,https://catalog.nau.edu/Courses/course?courseId=013593&term=1261
POS,014520,"POS 411 - Election Planning, Security, And Technology",,https://catalog.nau.edu/Courses/course?courseId=014520&term=1261
POS,014521,POS 415 - Election Administration Fellowship,,https://catalog.nau.edu/Courses/course?courseId=014521&term=1261
POS,006873,POS 421C - Senior Capstone In Political Science,,https://catalog.nau.edu/Courses/course?courseId=006873&term=1261
POS,011349,POS 421CH - Senior Capstone In Political Science - Honors,,https://catalog.nau.edu/Courses/course?courseId=011349&term=1261
POS,012929,POS 423 - Experience Of Difference,,https://catalog.nau.edu/Courses/course?courseId=012929&term=1261
POS,014150,POS 423H - Experience Of Difference - Honors,,https://catalog.nau.edu/Courses/course?courseId=014150&term=1261
POS,006874,POS 428 - Topics In Public Administration,,https://catalog.nau.edu/Courses/course?courseId=006874&term=1261
POS,006876,POS 445 - Constitutional Law,,https://catalog.nau.edu/Courses/course?courseId=006876&term=1261
POS,014360,POS 445H - Constitutional Law - Honors,,https://catalog.nau.edu/Courses/course?courseId=014360&term=1261
POS,006877,POS 446 - Civil Liberties,,https://catalog.nau.edu/Courses/course?courseId=006877&term=1261
POS,012212,POS 446H - Civil Liberties - Honors,,https://catalog.nau.edu/Courses/course?courseId=012212&term=1261
POS,006879,POS 450 - American Political Thought,,https://catalog.nau.edu/Courses/course?courseId=006879&term=1261
POS,006880,POS 450H - American Political Thought - Honors,,https://catalog.nau.edu/Courses/course?courseId=006880&term=1261
POS,006881,POS 453 - Topics In Political Theory,,https://catalog.nau.edu/Courses/course?courseId=006881&term=1261
POS,010315,POS 453H - Topics In Political Theory - Honors,,https://catalog.nau.edu/Courses/course?courseId=010315&term=1261
POS,006882,POS 455 - Political Ecology,,https://catalog.nau.edu/Courses/course?courseId=006882&term=1261
POS,006887,POS 466 - Legislative Or The Washington Center Internship,,https://catalog.nau.edu/Courses/course?courseId=006887&term=1261
POS,012210,POS 466H - Legislative Or The Washington Center Internship - Honors,,https://catalog.nau.edu/Courses/course?courseId=012210&term=1261
POS,006892,POS 480 - International Organizations,,https://catalog.nau.edu/Courses/course?courseId=006892&term=1261
POS,014597,POS 480H - International Orgs - Honors,,https://catalog.nau.edu/Courses/course?courseId=014597&term=1261
POS,006893,POS 482 - American Foreign Policy,,https://catalog.nau.edu/Courses/course?courseId=006893&term=1261
POS,014221,POS 482H - American Foreign Policy - Honors,,https://catalog.nau.edu/Courses/course?courseId=014221&term=1261
POS,006896,POS 485 - Undergraduate Research,,https://catalog.nau.edu/Courses/course?courseId=006896&term=1261
POS,011010,POS 485H - Undergraduate Research - Honors,,https://catalog.nau.edu/Courses/course?courseId=011010&term=1261
POS,006897,POS 497 - Independent Study,,https://catalog.nau.edu/Courses/course?courseId=006897&term=1261
POS,012449,POS 497H - Independent Study - Honors,,https://catalog.nau.edu/Courses/course?courseId=012449&term=1261
POS,006899,POS 499 - Contemporary Developments,,https://catalog.nau.edu/Courses/course?courseId=006899&term=1261
POS,012090,POS 499H - Contemporary Developments - Honors,,https://catalog.nau.edu/Courses/course?courseId=012090&term=1261
POS,010039,POS 501 - Applied Research Methods,,https://catalog.nau.edu/Courses/course?courseId=010039&term=1261
POS,012308,"POS 503 - Indigenous Nation Building: Leadership, Strategic Thinking, Governance, Culture & Devt",,https://catalog.nau.edu/Courses/course?courseId=012308&term=1261
POS,014522,POS 505 - Introduction Of Election Administration,,https://catalog.nau.edu/Courses/course?courseId=014522&term=1261
POS,014523,POS 506 - Voter Registration To Canvassing,,https://catalog.nau.edu/Courses/course?courseId=014523&term=1261
POS,014524,POS 507 - Best Practices In Elections,,https://catalog.nau.edu/Courses/course?courseId=014524&term=1261
POS,014525,"POS 511 - Election Planning, Security, And Technology",,https://catalog.nau.edu/Courses/course?courseId=014525&term=1261
POS,014526,POS 515 - Election Administration Fellowship,,https://catalog.nau.edu/Courses/course?courseId=014526&term=1261
POS,010042,POS 527 - Ethics Of Public Administration And Management,,https://catalog.nau.edu/Courses/course?courseId=010042&term=1261
POS,013717,POS 528 - Public Administration And Democracy,,https://catalog.nau.edu/Courses/course?courseId=013717&term=1261
POS,013894,POS 530 - Managing State And Local Government,,https://catalog.nau.edu/Courses/course?courseId=013894&term=1261
POS,013895,POS 531 - Introduction To Nonprofit Organizations,,https://catalog.nau.edu/Courses/course?courseId=013895&term=1261
POS,013896,POS 532 - Data Visualization,,https://catalog.nau.edu/Courses/course?courseId=013896&term=1261
POS,013897,POS 533 - Strategic Planning,,https://catalog.nau.edu/Courses/course?courseId=013897&term=1261
POS,013898,POS 534 - Performance Measurement,,https://catalog.nau.edu/Courses/course?courseId=013898&term=1261
POS,013899,POS 535 - Regulatory Process,,https://catalog.nau.edu/Courses/course?courseId=013899&term=1261
POS,013900,"POS 536 - Women, Policy, And Public Administration",,https://catalog.nau.edu/Courses/course?courseId=013900&term=1261
POS,013901,POS 537 - Public Policy Ethics,,https://catalog.nau.edu/Courses/course?courseId=013901&term=1261
POS,013902,POS 538 - Comparative Public Administration,,https://catalog.nau.edu/Courses/course?courseId=013902&term=1261
POS,013903,POS 539 - Homeland Security,,https://catalog.nau.edu/Courses/course?courseId=013903&term=1261
POS,006900,POS 541 - Public Administration,,https://catalog.nau.edu/Courses/course?courseId=006900&term=1261
POS,013904,POS 542 - Human Resource Management,,https://catalog.nau.edu/Courses/course?courseId=013904&term=1261
POS,006901,POS 543 - Organizational Behavior,,https://catalog.nau.edu/Courses/course?courseId=006901&term=1261
POS,013905,POS 544 - Government Budgeting,,https://catalog.nau.edu/Courses/course?courseId=013905&term=1261
POS,006903,POS 552 - Political Economy,,https://catalog.nau.edu/Courses/course?courseId=006903&term=1261
POS,006905,POS 566 - Legislative Or The Washington Center Internship,,https://catalog.nau.edu/Courses/course?courseId=006905&term=1261
POS,012306,POS 571 - Policy Analysis,,https://catalog.nau.edu/Courses/course?courseId=012306&term=1261
POS,013906,POS 580 - Master Of Public Administration Independent Study,,https://catalog.nau.edu/Courses/course?courseId=013906&term=1261
POS,006906,POS 581 - Current Issues In Administration,,https://catalog.nau.edu/Courses/course?courseId=006906&term=1261
POS,013364,POS 585 - Leadership In Public Service,,https://catalog.nau.edu/Courses/course?courseId=013364&term=1261
POS,012356,POS 590 - Indigenous Nation Building: Theory Into Practice,,https://catalog.nau.edu/Courses/course?courseId=012356&term=1261
POS,006941,POS 591 - Master Of Public Administration Capstone,,https://catalog.nau.edu/Courses/course?courseId=006941&term=1261
POS,013907,POS 595 - Master Of Public Administration Internship,,https://catalog.nau.edu/Courses/course?courseId=013907&term=1261
POS,013908,POS 596 - Portfolio And Exit Interview,,https://catalog.nau.edu/Courses/course?courseId=013908&term=1261
POS,006907,POS 597 - Reading For Comprehensive Exam,,https://catalog.nau.edu/Courses/course?courseId=006907&term=1261
POS,006908,POS 599 - Contemporary Developments,,https://catalog.nau.edu/Courses/course?courseId=006908&term=1261
POS,006909,POS 600 - Approaches To Political Inquiry,,https://catalog.nau.edu/Courses/course?courseId=006909&term=1261
POS,006910,POS 601 - Research Methods And Analysis,,https://catalog.nau.edu/Courses/course?courseId=006910&term=1261
POS,013365,POS 602 - Research Design,,https://catalog.nau.edu/Courses/course?courseId=013365&term=1261
POS,006911,POS 603 - Special Topics In Political Science,,https://catalog.nau.edu/Courses/course?courseId=006911&term=1261
POS,013366,POS 604 - Quantitative Methods,,https://catalog.nau.edu/Courses/course?courseId=013366&term=1261
POS,010088,POS 606 - Topics In Race And Ethnic Politics,,https://catalog.nau.edu/Courses/course?courseId=010088&term=1261
POS,006914,POS 607 - Political Theory,,https://catalog.nau.edu/Courses/course?courseId=006914&term=1261
POS,006915,POS 608 - Fieldwork Experience,,https://catalog.nau.edu/Courses/course?courseId=006915&term=1261
POS,013367,POS 609 - Qualitative Methods,,https://catalog.nau.edu/Courses/course?courseId=013367&term=1261
POS,006916,POS 610 - American Political Institutions,,https://catalog.nau.edu/Courses/course?courseId=006916&term=1261
POS,006917,POS 612 - American Political Processes,,https://catalog.nau.edu/Courses/course?courseId=006917&term=1261
POS,006923,POS 641 - Public Administration,,https://catalog.nau.edu/Courses/course?courseId=006923&term=1261
POS,006924,POS 642 - Human Resources Administration,,https://catalog.nau.edu/Courses/course?courseId=006924&term=1261
POS,006926,POS 644 - Government Budgeting,,https://catalog.nau.edu/Courses/course?courseId=006926&term=1261
POS,014173,POS 652 - Seminar On Political Economy,,https://catalog.nau.edu/Courses/course?courseId=014173&term=1261
POS,006931,POS 658 - Topics In Environmental Politics,,https://catalog.nau.edu/Courses/course?courseId=006931&term=1261
POS,006932,POS 659 - Environmental Policy,,https://catalog.nau.edu/Courses/course?courseId=006932&term=1261
POS,006933,POS 670 - Comparative Politics,,https://catalog.nau.edu/Courses/course?courseId=006933&term=1261
POS,006934,POS 671 - Policy Process,,https://catalog.nau.edu/Courses/course?courseId=006934&term=1261
POS,006935,POS 672 - Political Development,,https://catalog.nau.edu/Courses/course?courseId=006935&term=1261
POS,010089,POS 679 - Topics In Global Environmental Politics,,https://catalog.nau.edu/Courses/course?courseId=010089&term=1261
POS,006940,POS 680 - International Relations Theory,,https://catalog.nau.edu/Courses/course?courseId=006940&term=1261
POS,006945,POS 685 - Graduate Research,,https://catalog.nau.edu/Courses/course?courseId=006945&term=1261
POS,006946,POS 691 - Professional Development Seminar,,https://catalog.nau.edu/Courses/course?courseId=006946&term=1261
POS,006947,POS 697 - Independent Study,,https://catalog.nau.edu/Courses/course?courseId=006947&term=1261
POS,006948,POS 698 - Graduate Seminar,,https://catalog.nau.edu/Courses/course?courseId=006948&term=1261
POS,006949,POS 699 - Thesis,,https://catalog.nau.edu/Courses/course?courseId=006949&term=1261
POS,013672,POS 798 - Qualifying Paper Exam,,https://catalog.nau.edu/Courses/course?courseId=013672&term=1261
POS,006950,POS 799 - Dissertation,,https://catalog.nau.edu/Courses/course?courseId=006950&term=1261
NUR,011923,NUR 225L - Fundamentals Of Nursing Practice Practicum,,https://catalog.nau.edu/Courses/course?courseId=011923&term=1261
NUR,006139,NUR 307 - Health Assessment For Registered Nurses,,https://catalog.nau.edu/Courses/course?courseId=006139&term=1261
NUR,011099,NUR 307L - Health Assessment For Registered Nurses Practicum,,https://catalog.nau.edu/Courses/course?courseId=011099&term=1261
NUR,006155,NUR 320 - Basic Principles In Palliative Care,,https://catalog.nau.edu/Courses/course?courseId=006155&term=1261
NUR,010068,NUR 321 - Gerontology,,https://catalog.nau.edu/Courses/course?courseId=010068&term=1261
NUR,010963,NUR 321H - Gerontology - Honors,,https://catalog.nau.edu/Courses/course?courseId=010963&term=1261
NUR,011922,NUR 322 - Fundamentals Of Nursing Practice,,https://catalog.nau.edu/Courses/course?courseId=011922&term=1261
NUR,014008,NUR 322L - Fundamentals Of Nursing Practice Clinical,,https://catalog.nau.edu/Courses/course?courseId=014008&term=1261
NUR,014005,NUR 323 - Fundamentals Skills Assessment Studio,,https://catalog.nau.edu/Courses/course?courseId=014005&term=1261
NUR,014006,NUR 326 - Gerontology And Pallative Nursing Care,,https://catalog.nau.edu/Courses/course?courseId=014006&term=1261
NUR,014450,NUR 326H - Gerontology And Pallative Nursing Care - Honors,,https://catalog.nau.edu/Courses/course?courseId=014450&term=1261
NUR,012023,NUR 326L - Gerontology And Palliative Care Practicum,,https://catalog.nau.edu/Courses/course?courseId=012023&term=1261
NUR,014007,NUR 327 - Pathophysiology For Nursing Practice,,https://catalog.nau.edu/Courses/course?courseId=014007&term=1261
NUR,010472,NUR 330 - Introduction To Nursing As A Discipline And Profession,,https://catalog.nau.edu/Courses/course?courseId=010472&term=1261
NUR,010473,NUR 331 - Applied Pharmacology,,https://catalog.nau.edu/Courses/course?courseId=010473&term=1261
NUR,010475,NUR 333 - Communication And Mental Health Nursing,,https://catalog.nau.edu/Courses/course?courseId=010475&term=1261
NUR,011102,NUR 333L - Communication And Mental Health Nursing Practicum,,https://catalog.nau.edu/Courses/course?courseId=011102&term=1261
NUR,011103,NUR 334L - Adult Health Nursing Practicum,,https://catalog.nau.edu/Courses/course?courseId=011103&term=1261
NUR,010477,NUR 335 - Nursing Care Of Child-bearing And Child-rearing Families,,https://catalog.nau.edu/Courses/course?courseId=010477&term=1261
NUR,011468,NUR 336 - Foundations Of Nursing,,https://catalog.nau.edu/Courses/course?courseId=011468&term=1261
NUR,011469,NUR 336L - Foundations Of Nursing Practicum,,https://catalog.nau.edu/Courses/course?courseId=011469&term=1261
NUR,014488,NUR 338L - Clinical Practice I,,https://catalog.nau.edu/Courses/course?courseId=014488&term=1261
NUR,011816,"NUR 339 - Nursing Care Of Women, Children, And Families In The Community Practicum",,https://catalog.nau.edu/Courses/course?courseId=011816&term=1261
NUR,011817,NUR 340 - Research Applications To Nursing And Healthcare,,https://catalog.nau.edu/Courses/course?courseId=011817&term=1261
NUR,014487,NUR 342 - Psychiatric And Mental Health,,https://catalog.nau.edu/Courses/course?courseId=014487&term=1261
NUR,014489,NUR 343 - Integrated Practice Immersion I,,https://catalog.nau.edu/Courses/course?courseId=014489&term=1261
NUR,014270,NUR 344 - Foundations Studio,,https://catalog.nau.edu/Courses/course?courseId=014270&term=1261
NUR,011094,NUR 345L - Adult Health And Illness I Practicum,,https://catalog.nau.edu/Courses/course?courseId=011094&term=1261
NUR,014271,NUR 346 - Nursing Health Assessment,,https://catalog.nau.edu/Courses/course?courseId=014271&term=1261
NUR,011096,NUR 347L - Adult Health And Illness II Practicum,,https://catalog.nau.edu/Courses/course?courseId=011096&term=1261
NUR,014017,NUR 348 - Psychiatric/Mental Health Nursing Studio (Skills Lab),,https://catalog.nau.edu/Courses/course?courseId=014017&term=1261
NUR,006172,NUR 349 - Psychiatric/Mental Health Nursing,,https://catalog.nau.edu/Courses/course?courseId=006172&term=1261
NUR,013463,NUR 349H - Psychiatric/Mental Health Nursing - Honors,,https://catalog.nau.edu/Courses/course?courseId=013463&term=1261
NUR,011098,NUR 349L - Psychiatric/Mental Health Nursing Clinical,,https://catalog.nau.edu/Courses/course?courseId=011098&term=1261
NUR,014003,NUR 351 - Nursing As A Discipline And Profession,,https://catalog.nau.edu/Courses/course?courseId=014003&term=1261
NUR,014660,NUR 351H - Nursing As A Discipline And Profession - Honors,,https://catalog.nau.edu/Courses/course?courseId=014660&term=1261
NUR,014004,NUR 352 - Applied Pharmacology I,,https://catalog.nau.edu/Courses/course?courseId=014004&term=1261
NUR,013967,NUR 353 - Applied Pharmacology II,,https://catalog.nau.edu/Courses/course?courseId=013967&term=1261
NUR,013968,NUR 354 - Foundations Of Nursing Practice I,,https://catalog.nau.edu/Courses/course?courseId=013968&term=1261
NUR,013969,NUR 355 - Nursing Assessment,,https://catalog.nau.edu/Courses/course?courseId=013969&term=1261
NUR,013970,NUR 356 - Foundations And Assessment Studio,,https://catalog.nau.edu/Courses/course?courseId=013970&term=1261
NUR,013971,NUR 357 - Foundations Of Nursing Practice II,,https://catalog.nau.edu/Courses/course?courseId=013971&term=1261
NUR,013972,NUR 357L - Foundations Of Nursing Clinical,,https://catalog.nau.edu/Courses/course?courseId=013972&term=1261
NUR,013973,NUR 358 - Communication And Mental Health Nursing,,https://catalog.nau.edu/Courses/course?courseId=013973&term=1261
NUR,013974,NUR 358L - Communication And Mental Health Nursing Clinical,,https://catalog.nau.edu/Courses/course?courseId=013974&term=1261
NUR,013975,NUR 359 - Concepts Of Gerontology And Palliative Nursing Care,,https://catalog.nau.edu/Courses/course?courseId=013975&term=1261
NUR,013976,NUR 360 - Adult Health I,,https://catalog.nau.edu/Courses/course?courseId=013976&term=1261
NUR,013977,NUR 360L - Adult Health Nursing Practicum,,https://catalog.nau.edu/Courses/course?courseId=013977&term=1261
NUR,013978,NUR 361 - Adult Health Nursing Studio,,https://catalog.nau.edu/Courses/course?courseId=013978&term=1261
NUR,013980,NUR 362 - Adult Health II,,https://catalog.nau.edu/Courses/course?courseId=013980&term=1261
NUR,013981,NUR 362L - Adult Health Nursing Practicum II,,https://catalog.nau.edu/Courses/course?courseId=013981&term=1261
NUR,014490,NUR 363 - Integrated Practice Immersion II,,https://catalog.nau.edu/Courses/course?courseId=014490&term=1261
NUR,006122,NUR 365 - Adult Health And Illness I,,https://catalog.nau.edu/Courses/course?courseId=006122&term=1261
NUR,014009,NUR 365L - Adult Health And Illness I Clinical,,https://catalog.nau.edu/Courses/course?courseId=014009&term=1261
NUR,014010,NUR 366 - Adult Health And Illness Studio I,,https://catalog.nau.edu/Courses/course?courseId=014010&term=1261
NUR,014491,NUR 370 - Pathophysiology,,https://catalog.nau.edu/Courses/course?courseId=014491&term=1261
NUR,011533,NUR 371 - Pathophysiology And Pharmacology For Nursing Practice I,,https://catalog.nau.edu/Courses/course?courseId=011533&term=1261
NUR,011534,NUR 373 - Pathophysiology And Pharmacology For Nursing Practice II,,https://catalog.nau.edu/Courses/course?courseId=011534&term=1261
NUR,006126,NUR 375 - Adult Health And Illness II,,https://catalog.nau.edu/Courses/course?courseId=006126&term=1261
NUR,014018,NUR 375L - Adult Health And Illness II Clinical,,https://catalog.nau.edu/Courses/course?courseId=014018&term=1261
NUR,014019,NUR 376 - Adult Health And Illness II Studio,,https://catalog.nau.edu/Courses/course?courseId=014019&term=1261
NUR,010476,NUR 380 - Adult Health Nursing Theory,,https://catalog.nau.edu/Courses/course?courseId=010476&term=1261
NUR,014276,NUR 380L - Adult Health Nursing Practicum,,https://catalog.nau.edu/Courses/course?courseId=014276&term=1261
NUR,014496,NUR 383 - Integrated Practice Immersion III,,https://catalog.nau.edu/Courses/course?courseId=014496&term=1261
NUR,006157,NUR 389 - Cooperative Education,,https://catalog.nau.edu/Courses/course?courseId=006157&term=1261
NUR,006158,NUR 390W - Evidence-based Practice,,https://catalog.nau.edu/Courses/course?courseId=006158&term=1261
NUR,012455,NUR 390WH - Evidence-based Practice - Honors,,https://catalog.nau.edu/Courses/course?courseId=012455&term=1261
NUR,006161,NUR 399 - Special Topics,,https://catalog.nau.edu/Courses/course?courseId=006161&term=1261
NUR,014020,NUR 401 - Mother-baby Health,,https://catalog.nau.edu/Courses/course?courseId=014020&term=1261
NUR,014021,NUR 402 - Developmental And Health-illness Transitions Of Childbearing And Childrearing Families Studio,,https://catalog.nau.edu/Courses/course?courseId=014021&term=1261
NUR,014022,NUR 402L - Developmental And Health-illness Transitions Of Childbearing And Childrearing Families Clinical,,https://catalog.nau.edu/Courses/course?courseId=014022&term=1261
NUR,014023,NUR 403 - Child Health,,https://catalog.nau.edu/Courses/course?courseId=014023&term=1261
NUR,014497,NUR 405 - Communication And Civility In Nursing,,https://catalog.nau.edu/Courses/course?courseId=014497&term=1261
NUR,006164,NUR 408 - Field Work Experience,,https://catalog.nau.edu/Courses/course?courseId=006164&term=1261
NUR,014498,NUR 409 - Introduction To Holistic Nursing,,https://catalog.nau.edu/Courses/course?courseId=014498&term=1261
NUR,006125,NUR 411 - Developmental And Health-illness Transitions Of Child-bearing And Child-rearing Families,,https://catalog.nau.edu/Courses/course?courseId=006125&term=1261
NUR,011095,NUR 411L - Developmental And Health-illness Transitions Of Childbearing And Childrearing Families Practicum,,https://catalog.nau.edu/Courses/course?courseId=011095&term=1261
NUR,014024,NUR 417 - Advancing Health Equity,,https://catalog.nau.edu/Courses/course?courseId=014024&term=1261
NUR,014451,NUR 417H - Advancing Health Equity - Honors,,https://catalog.nau.edu/Courses/course?courseId=014451&term=1261
NUR,014025,NUR 419 - Transition To Practice And Applied Clinical Judgement,,https://catalog.nau.edu/Courses/course?courseId=014025&term=1261
NUR,010505,NUR 420 - Family Nursing Roles,,https://catalog.nau.edu/Courses/course?courseId=010505&term=1261
NUR,014499,NUR 422 - Nursing Informatics And Innovation,,https://catalog.nau.edu/Courses/course?courseId=014499&term=1261
NUR,010506,NUR 424 - Nursing Informatics And Health Care Policy,,https://catalog.nau.edu/Courses/course?courseId=010506&term=1261
NUR,006173,NUR 427 - Public Health And Community Based Nursing,,https://catalog.nau.edu/Courses/course?courseId=006173&term=1261
NUR,011106,NUR 427L - Public Health Nursing Practicum,,https://catalog.nau.edu/Courses/course?courseId=011106&term=1261
NUR,014500,NUR 428L - Clinical Practice II,,https://catalog.nau.edu/Courses/course?courseId=014500&term=1261
NUR,014501,NUR 438L - Clinical Practice III,,https://catalog.nau.edu/Courses/course?courseId=014501&term=1261
NUR,006156,NUR 440 - Nursing Care Of Families,,https://catalog.nau.edu/Courses/course?courseId=006156&term=1261
NUR,013517,NUR 440H - Nursing Care Of Families - Honors,,https://catalog.nau.edu/Courses/course?courseId=013517&term=1261
NUR,010478,NUR 441 - Public Health And Community Nursing,,https://catalog.nau.edu/Courses/course?courseId=010478&term=1261
NUR,011107,NUR 441L - Public Health And Community Nursing Practicum (Clinical),,https://catalog.nau.edu/Courses/course?courseId=011107&term=1261
NUR,011818,NUR 442 - Public Health Nursing Roles,,https://catalog.nau.edu/Courses/course?courseId=011818&term=1261
NUR,014502,NUR 443 - Integration Practice Immersion IV,,https://catalog.nau.edu/Courses/course?courseId=014502&term=1261
NUR,014503,NUR 448L - Clinical Practice IV,,https://catalog.nau.edu/Courses/course?courseId=014503&term=1261
NUR,006176,NUR 450C - Nursing Leadership,,https://catalog.nau.edu/Courses/course?courseId=006176&term=1261
NUR,012233,NUR 450CH - Nursing Leadership - Honors,,https://catalog.nau.edu/Courses/course?courseId=012233&term=1261
NUR,010072,NUR 451 - Preceptorship,,https://catalog.nau.edu/Courses/course?courseId=010072&term=1261
NUR,011819,NUR 452 - Nursing Leadership Applications,,https://catalog.nau.edu/Courses/course?courseId=011819&term=1261
NUR,013983,NUR 453 - Nursing Care Of Child-bearing Child-rearing Families,,https://catalog.nau.edu/Courses/course?courseId=013983&term=1261
NUR,013984,"NUR 453L - Nursing Care Of Women, Children And Families Practicum",,https://catalog.nau.edu/Courses/course?courseId=013984&term=1261
NUR,013985,NUR 454 - Preceptorship,,https://catalog.nau.edu/Courses/course?courseId=013985&term=1261
NUR,014504,NUR 460 - Clinical Nurse Residency-preceptorship,,https://catalog.nau.edu/Courses/course?courseId=014504&term=1261
NUR,006177,NUR 466 - Legislative Or The Washington Center Internship,,https://catalog.nau.edu/Courses/course?courseId=006177&term=1261
NUR,006193,NUR 497 - Independent Study,,https://catalog.nau.edu/Courses/course?courseId=006193&term=1261
NUR,006195,NUR 499 - Contemporary Developments,,https://catalog.nau.edu/Courses/course?courseId=006195&term=1261
NUR,006197,NUR 510 - Theoretical Foundations,,https://catalog.nau.edu/Courses/course?courseId=006197&term=1261
NUR,013871,NUR 511 - Theoretical Systems And Regulatory Principles,,https://catalog.nau.edu/Courses/course?courseId=013871&term=1261
NUR,006198,NUR 520 - Applied Pathophysiology For Apns,,https://catalog.nau.edu/Courses/course?courseId=006198&term=1261
NUR,006199,NUR 530 - Advanced Principles Of Evidence-based Practice,,https://catalog.nau.edu/Courses/course?courseId=006199&term=1261
NUR,013872,NUR 531 - Evidence-based Nursing Leadership,,https://catalog.nau.edu/Courses/course?courseId=013872&term=1261
NUR,006201,NUR 540 - Pharmacology For Advanced Practice Nurses,,https://catalog.nau.edu/Courses/course?courseId=006201&term=1261
NUR,014095,NUR 541 - Pathophysiology And Pharmacology Assessment In Practice,,https://catalog.nau.edu/Courses/course?courseId=014095&term=1261
NUR,006202,NUR 550 - Family Nursing Theory And Practice,,https://catalog.nau.edu/Courses/course?courseId=006202&term=1261
NUR,013701,NUR 551 - Business Finance And Economics In Practice,,https://catalog.nau.edu/Courses/course?courseId=013701&term=1261
NUR,014096,NUR 559 - Population And Public Health Assessment In Practice,,https://catalog.nau.edu/Courses/course?courseId=014096&term=1261
NUR,006203,NUR 560 - Rural Theory And Health Policy,,https://catalog.nau.edu/Courses/course?courseId=006203&term=1261
NUR,013702,"NUR 561 - Population Health, Dei And Care Coordination",,https://catalog.nau.edu/Courses/course?courseId=013702&term=1261
NUR,006206,NUR 599 - Contemporary Developments,,https://catalog.nau.edu/Courses/course?courseId=006206&term=1261
NUR,014097,NUR 604 - Evidence-based Crisis Managment,,https://catalog.nau.edu/Courses/course?courseId=014097&term=1261
NUR,009735,NUR 605 - Graduate Research Seminar,,https://catalog.nau.edu/Courses/course?courseId=009735&term=1261
NUR,013703,NUR 606 - Strategic Systems Thinking,,https://catalog.nau.edu/Courses/course?courseId=013703&term=1261
NUR,006207,NUR 608 - Fieldwork Experience: Clinical Leadership,,https://catalog.nau.edu/Courses/course?courseId=006207&term=1261
NUR,012537,"NUR 609 - Synthesis Of Writing, Research And Statistical Principles In Healthcare",,https://catalog.nau.edu/Courses/course?courseId=012537&term=1261
NUR,006215,NUR 650 - Advanced Nursing Assessment,,https://catalog.nau.edu/Courses/course?courseId=006215&term=1261
NUR,013704,NUR 652 - Ethical Decision-making,,https://catalog.nau.edu/Courses/course?courseId=013704&term=1261
NUR,013877,NUR 653 - Advanced Neuropathophysiology And Psychopharmacology,,https://catalog.nau.edu/Courses/course?courseId=013877&term=1261
NUR,013876,NUR 654 - Mental Health Assessment Across The Lifespan,,https://catalog.nau.edu/Courses/course?courseId=013876&term=1261
NUR,013878,NUR 655 - Advanced Mental Health Therapies: Individual And Group,,https://catalog.nau.edu/Courses/course?courseId=013878&term=1261
NUR,013879,NUR 656 - Mental Health Diagnosis And Management Of Adults,,https://catalog.nau.edu/Courses/course?courseId=013879&term=1261
NUR,013880,NUR 657 - Mental Health Diagnosis And Management Of Children And Adolescents,,https://catalog.nau.edu/Courses/course?courseId=013880&term=1261
NUR,013881,NUR 658 - Mental Health Diagnosis And Management Of Geriatric Clients,,https://catalog.nau.edu/Courses/course?courseId=013881&term=1261
NUR,006217,NUR 660 - Family Primary Health Care I,,https://catalog.nau.edu/Courses/course?courseId=006217&term=1261
NUR,006218,NUR 661 - Family Primary Health Care Practicum I,,https://catalog.nau.edu/Courses/course?courseId=006218&term=1261
NUR,006219,NUR 662 - Family Primary Health Care II,,https://catalog.nau.edu/Courses/course?courseId=006219&term=1261
NUR,006220,NUR 663 - Family Primary Health Care Practicum II,,https://catalog.nau.edu/Courses/course?courseId=006220&term=1261
NUR,006221,NUR 664 - Family Primary Health Care III,,https://catalog.nau.edu/Courses/course?courseId=006221&term=1261
NUR,006222,NUR 665 - Family Primary Health Care Practicum III,,https://catalog.nau.edu/Courses/course?courseId=006222&term=1261
NUR,013873,"NUR 667 - Information Technology, Innovation Systems And Risk Management",,https://catalog.nau.edu/Courses/course?courseId=013873&term=1261
NUR,006228,NUR 675 - Advanced Roles Transition,,https://catalog.nau.edu/Courses/course?courseId=006228&term=1261
NUR,011135,"NUR 676 - Healthcare Systems: Technology, Quality And Economics",,https://catalog.nau.edu/Courses/course?courseId=011135&term=1261
NUR,010798,NUR 677 - Methods For Evidence-based Practice,,https://catalog.nau.edu/Courses/course?courseId=010798&term=1261
NUR,013874,NUR 680 - Assessment And Management In Pmh Setting: Clinical Practicum,,https://catalog.nau.edu/Courses/course?courseId=013874&term=1261
NUR,011928,NUR 682 - Nursing Leadership Applications,,https://catalog.nau.edu/Courses/course?courseId=011928&term=1261
NUR,013875,NUR 683 - Strategic Systems Leadership Application,,https://catalog.nau.edu/Courses/course?courseId=013875&term=1261
NUR,006229,NUR 689 - Professional Project,,https://catalog.nau.edu/Courses/course?courseId=006229&term=1261
NUR,009484,NUR 697 - Independent Study,,https://catalog.nau.edu/Courses/course?courseId=009484&term=1261
NUR,006230,NUR 699 - Thesis,,https://catalog.nau.edu/Courses/course?courseId=006230&term=1261
NUR,010799,NUR 700 - Introduction To Doctor Of Nursing Practice,,https://catalog.nau.edu/Courses/course?courseId=010799&term=1261
NUR,010800,NUR 701 - Healthcare And Policy For Advanced Practice Nursing,,https://catalog.nau.edu/Courses/course?courseId=010800&term=1261
NUR,010802,NUR 703 - Doctor Of Nursing Practice Clinical Immersion,,https://catalog.nau.edu/Courses/course?courseId=010802&term=1261
NUR,010803,NUR 704 - Evidence-based Practice: Project Evaluation,,https://catalog.nau.edu/Courses/course?courseId=010803&term=1261
NUR,010804,NUR 705 - Leadership For Advanced Practice Nurses In Clinical Practice,,https://catalog.nau.edu/Courses/course?courseId=010804&term=1261
NUR,010805,NUR 706 - Evidence-based Practice: Dissemination,,https://catalog.nau.edu/Courses/course?courseId=010805&term=1261
NUR,011561,NUR 712 - Evidence-based Practice: Project Planning And Implementation,,https://catalog.nau.edu/Courses/course?courseId=011561&term=1261
NUR,011562,NUR 714 - Health And Vulnerable Populations,,https://catalog.nau.edu/Courses/course?courseId=011562&term=1261
NUR,011563,NUR 716 - Organizational And Systems Leadership For Quality Care,,https://catalog.nau.edu/Courses/course?courseId=011563&term=1261
ENV,002887,ENV 101 - Environmental Challenges And Solutions,,https://catalog.nau.edu/Courses/course?courseId=002887&term=1261
ENV,002888,ENV 101H - Environmental Challenges And Solutions - Honors,,https://catalog.nau.edu/Courses/course?courseId=002888&term=1261
ENV,002889,ENV 101L - Environmental Challenges And Solutions Lab,,https://catalog.nau.edu/Courses/course?courseId=002889&term=1261
ENV,002890,ENV 110 - Extreme Weather,,https://catalog.nau.edu/Courses/course?courseId=002890&term=1261
ENV,010197,ENV 115 - Climate Change,,https://catalog.nau.edu/Courses/course?courseId=010197&term=1261
ENV,010452,ENV 115H - Climate Change - Honors,,https://catalog.nau.edu/Courses/course?courseId=010452&term=1261
ENV,002891,ENV 120 - Perspectives In Environmental Science,,https://catalog.nau.edu/Courses/course?courseId=002891&term=1261
ENV,002893,ENV 171 - Foundations Of Environmental Science: Humans And The Environment,,https://catalog.nau.edu/Courses/course?courseId=002893&term=1261
ENV,014288,ENV 171L - Foundations Of Environmental Science Lab,,https://catalog.nau.edu/Courses/course?courseId=014288&term=1261
ENV,009900,ENV 181 - Environmental Sustainability,,https://catalog.nau.edu/Courses/course?courseId=009900&term=1261
ENV,010171,ENV 199 - Special Topics,,https://catalog.nau.edu/Courses/course?courseId=010171&term=1261
ENV,012650,ENV 208 - Fieldwork Experience,,https://catalog.nau.edu/Courses/course?courseId=012650&term=1261
ENV,011915,ENV 224L - Sustainable Ecology Lab,,https://catalog.nau.edu/Courses/course?courseId=011915&term=1261
ENV,013307,ENV 226 - Ecology For Environmental Sciences And Studies,,https://catalog.nau.edu/Courses/course?courseId=013307&term=1261
ENV,010079,ENV 226L - Environmental Ecology Lab,,https://catalog.nau.edu/Courses/course?courseId=010079&term=1261
ENV,011585,ENV 250 - Environmental Conservation On The Colorado Plateau,,https://catalog.nau.edu/Courses/course?courseId=011585&term=1261
ENV,012538,ENV 250H - Environmental Conservation On The Colorado Plateau - Honors,,https://catalog.nau.edu/Courses/course?courseId=012538&term=1261
ENV,002896,ENV 299 - Special Topics,,https://catalog.nau.edu/Courses/course?courseId=002896&term=1261
ENV,010448,ENV 299H - Special Topics - Honors,,https://catalog.nau.edu/Courses/course?courseId=010448&term=1261
ENV,009962,ENV 301W - Topics In Environmental Studies,,https://catalog.nau.edu/Courses/course?courseId=009962&term=1261
ENV,013260,ENV 301WH - Topics In Environmental Studies - Honors,,https://catalog.nau.edu/Courses/course?courseId=013260&term=1261
ENV,014319,ENV 307W - Integrating Diverse Knowledge Systems In Conservation And Land Management,,https://catalog.nau.edu/Courses/course?courseId=014319&term=1261
ENV,011783,ENV 324 - Sustainable Ecology,,https://catalog.nau.edu/Courses/course?courseId=011783&term=1261
ENV,010078,ENV 326 - Essential Ecology,,https://catalog.nau.edu/Courses/course?courseId=010078&term=1261
ENV,012320,ENV 326H - Essential Ecology - Honors,,https://catalog.nau.edu/Courses/course?courseId=012320&term=1261
ENV,013668,ENV 359 - Environmental Policy,,https://catalog.nau.edu/Courses/course?courseId=013668&term=1261
ENV,014130,ENV 359H - Environmental Policy - Honors,,https://catalog.nau.edu/Courses/course?courseId=014130&term=1261
ENV,002894,ENV 360 - Physical And Chemical Processes In The Atmosphere And Hydrosphere,,https://catalog.nau.edu/Courses/course?courseId=002894&term=1261
ENV,011985,ENV 360H - Physical And Chemical Processes In The Atmosphere And Hydrosphere - Honors,,https://catalog.nau.edu/Courses/course?courseId=011985&term=1261
ENV,014187,"ENV 371 - Natural Resources, Energy And The Environment",,https://catalog.nau.edu/Courses/course?courseId=014187&term=1261
ENV,011586,ENV 373 - Southwest Environments Through Time,,https://catalog.nau.edu/Courses/course?courseId=011586&term=1261
ENV,013640,ENV 373H - Southwest Environments Through Time - Honors,,https://catalog.nau.edu/Courses/course?courseId=013640&term=1261
ENV,010080,ENV 375 - Environmental Sciences Of The San Juan River Basin,,https://catalog.nau.edu/Courses/course?courseId=010080&term=1261
ENV,002907,"ENV 385W - Energy, Resources And Policy",,https://catalog.nau.edu/Courses/course?courseId=002907&term=1261
ENV,013570,"ENV 385WH - Energy, Resources And Policy - Honors",,https://catalog.nau.edu/Courses/course?courseId=013570&term=1261
ENV,002908,ENV 389 - Cooperative Education,,https://catalog.nau.edu/Courses/course?courseId=002908&term=1261
ENV,002909,ENV 399 - Special Topics,,https://catalog.nau.edu/Courses/course?courseId=002909&term=1261
ENV,002910,ENV 399H - Special Topics - Honors,,https://catalog.nau.edu/Courses/course?courseId=002910&term=1261
ENV,002915,ENV 408 - Fieldwork Experience,,https://catalog.nau.edu/Courses/course?courseId=002915&term=1261
ENV,013255,ENV 408H - Fieldwork Experience - Honors,,https://catalog.nau.edu/Courses/course?courseId=013255&term=1261
ENV,013274,ENV 415 - Climate Change And Society,,https://catalog.nau.edu/Courses/course?courseId=013274&term=1261
ENV,013656,ENV 415H - Climate Change And Society - Honors,,https://catalog.nau.edu/Courses/course?courseId=013656&term=1261
ENV,012644,ENV 425 - Water Resources Policy,,https://catalog.nau.edu/Courses/course?courseId=012644&term=1261
ENV,002917,ENV 430 - Environmental Chemistry,,https://catalog.nau.edu/Courses/course?courseId=002917&term=1261
ENV,013472,ENV 430H - Environmental Chemistry - Honors,,https://catalog.nau.edu/Courses/course?courseId=013472&term=1261
ENV,013277,"ENV 435 - Agriculture, Water, And Climate Change",,https://catalog.nau.edu/Courses/course?courseId=013277&term=1261
ENV,002918,ENV 440 - Conservation Biology,,https://catalog.nau.edu/Courses/course?courseId=002918&term=1261
ENV,012311,ENV 440H - Conservation Biology - Honors,,https://catalog.nau.edu/Courses/course?courseId=012311&term=1261
ENV,002919,ENV 440L - Conservation Biology Lab,,https://catalog.nau.edu/Courses/course?courseId=002919&term=1261
ENV,013827,ENV 440LH - Conservation Biology Lab - Honors,,https://catalog.nau.edu/Courses/course?courseId=013827&term=1261
ENV,012727,ENV 460 - Evolution And Environmental Change,,https://catalog.nau.edu/Courses/course?courseId=012727&term=1261
ENV,002921,ENV 466 - Legislative Or The Washington Center Internship,,https://catalog.nau.edu/Courses/course?courseId=002921&term=1261
ENV,002923,ENV 485 - Undergraduate Research,,https://catalog.nau.edu/Courses/course?courseId=002923&term=1261
ENV,010953,ENV 485H - Undergraduate Research - Honors,,https://catalog.nau.edu/Courses/course?courseId=010953&term=1261
ENV,002925,ENV 490C - Senior Seminar In Environmental Sciences And Environmental And Sustainability Studies,,https://catalog.nau.edu/Courses/course?courseId=002925&term=1261
ENV,011358,ENV 490CH - Senior Seminar In Environmental Sciences And Environmental And Sustainability Studies - Honors,,https://catalog.nau.edu/Courses/course?courseId=011358&term=1261
ENV,002927,ENV 497 - Independent Study,,https://catalog.nau.edu/Courses/course?courseId=002927&term=1261
ENV,009418,ENV 497H - Independent Study - Honors,,https://catalog.nau.edu/Courses/course?courseId=009418&term=1261
ENV,002928,ENV 499 - Contemporary Developments,,https://catalog.nau.edu/Courses/course?courseId=002928&term=1261
ENV,014473,ENV 499H - Contemporary Developments - Honors,,https://catalog.nau.edu/Courses/course?courseId=014473&term=1261
ENV,013276,"ENV 515 - Climate Change: Solutions, Politics, And Power",,https://catalog.nau.edu/Courses/course?courseId=013276&term=1261
ENV,010843,ENV 520 - Collaboration In Environmental Management,,https://catalog.nau.edu/Courses/course?courseId=010843&term=1261
ENV,012645,ENV 525 - Water Resources Policy,,https://catalog.nau.edu/Courses/course?courseId=012645&term=1261
ENV,013437,ENV 525H - Water Resources Policy - Honors,,https://catalog.nau.edu/Courses/course?courseId=013437&term=1261
ENV,013278,"ENV 535 - Agriculture, Water, And Climate Change",,https://catalog.nau.edu/Courses/course?courseId=013278&term=1261
ENV,002930,ENV 540 - Conservation Biology,,https://catalog.nau.edu/Courses/course?courseId=002930&term=1261
ENV,002931,ENV 540L - Conservation Biology Lab,,https://catalog.nau.edu/Courses/course?courseId=002931&term=1261
ENV,002932,ENV 544 - Landscape Ecology,,https://catalog.nau.edu/Courses/course?courseId=002932&term=1261
ENV,010487,ENV 550 - Historical Ecology: Reconstructing Past Ecosystems,,https://catalog.nau.edu/Courses/course?courseId=010487&term=1261
ENV,002933,ENV 555 - The Environmental Science-policy Interface,,https://catalog.nau.edu/Courses/course?courseId=002933&term=1261
ENV,012728,ENV 560 - Evolution And Environmental Change,,https://catalog.nau.edu/Courses/course?courseId=012728&term=1261
ENV,012694,ENV 562 - Social Ecological Systems,,https://catalog.nau.edu/Courses/course?courseId=012694&term=1261
ENV,007406,ENV 572 - Quaternary Pollen Analysis,,https://catalog.nau.edu/Courses/course?courseId=007406&term=1261
ENV,012882,ENV 577 - Concepts In Ecology,,https://catalog.nau.edu/Courses/course?courseId=012882&term=1261
ENV,010543,ENV 591 - The Science And Management Of Greenhouse Gases,,https://catalog.nau.edu/Courses/course?courseId=010543&term=1261
ENV,002935,ENV 593 - Public In-service Workshop,,https://catalog.nau.edu/Courses/course?courseId=002935&term=1261
ENV,002937,ENV 596 - Quaternary Climate Change,,https://catalog.nau.edu/Courses/course?courseId=002937&term=1261
ENV,002938,ENV 599 - Contemporary Developments,,https://catalog.nau.edu/Courses/course?courseId=002938&term=1261
ENV,010520,ENV 608 - Fieldwork Experience,,https://catalog.nau.edu/Courses/course?courseId=010520&term=1261
ENV,010844,ENV 640 - Ecological Assessment And Monitoring,,https://catalog.nau.edu/Courses/course?courseId=010844&term=1261
ENV,010921,ENV 650 - Current Topics In Global Resource Conservation,,https://catalog.nau.edu/Courses/course?courseId=010921&term=1261
ENV,011599,ENV 675 - Topics In Environmental Discourse,,https://catalog.nau.edu/Courses/course?courseId=011599&term=1261
